horas_estudo_semanal,frequencia_aulas,nota_anterior,participacao_atividades,horas_sono,nivel_estresse,apoio_familiar,acesso_internet,turno,transporte_tempo,nota_final
38,64.16987864207238,9.59620772771235,1,6.8084143254057405,7,2,1,Tarde,103,10.0
28,93.61758527921691,8.486898737373718,7,6.797796477638913,9,4,1,Tarde,104,10.0
14,96.42744793022852,5.483889521798233,12,8.563453854731694,1,4,1,Manhã,106,10.0
7,64.91243127382936,5.884916511839402,9,4.926953224029555,8,2,1,Manhã,106,8.90032566828412
20,69.43624138380325,6.847312306032471,7,6.9235921246003045,8,2,1,Noite,118,10.0
38,66.6208204146916,8.813741194833879,3,6.579911284726358,6,2,1,Tarde,94,10.0
18,67.45283517976483,3.4809898276278743,14,7.581464143279937,4,4,1,Manhã,79,10.0
22,93.49963156009969,5.970078201194217,0,9.997346219502631,3,2,1,Noite,105,10.0
10,73.28585650619756,3.5783236442148807,10,8.616693364492281,3,1,1,Noite,55,10.0
10,72.45777056182564,6.6026031060145804,6,6.387194218104563,6,4,1,Noite,43,10.0
23,69.0958248350845,9.292305768043647,16,8.965318313644282,8,1,1,Noite,56,10.0
35,84.31577575177035,8.477394471947566,19,5.0242501798748815,7,3,1,Noite,5,10.0
39,75.17222793542196,4.5948969228017695,17,4.182782117853761,1,4,0,Tarde,91,10.0
23,89.76998607373156,9.831935947191546,11,5.2266902347856385,6,3,1,Noite,31,10.0
2,68.2231923350255,7.671452786324998,8,6.042469336685558,7,2,1,Tarde,107,8.969099234542286
21,91.51159554857969,3.0729938957818215,4,7.063484544757359,7,2,1,Manhã,73,10.0
1,84.14886126920555,4.787894392796536,9,7.690774843247199,9,5,0,Noite,113,7.709469632336919
23,64.5706920022275,4.824993099439416,3,9.46363430328653,10,2,1,Manhã,17,10.0
29,76.5801833681451,3.4847801440010198,4,7.059124057302746,5,3,1,Tarde,67,10.0
37,94.54072562451827,9.718785626531503,9,7.007653867754376,1,2,1,Tarde,72,10.0
1,96.9184092719394,6.3477870620314665,10,4.301458058937893,2,4,1,Manhã,6,10.0
20,78.62800489275253,9.270702181603173,9,4.209469315937342,4,2,1,Noite,113,10.0
32,79.23347912356294,5.255508524112399,7,7.306959771498232,5,5,0,Noite,7,10.0
11,96.73818899757205,3.87663499302979,1,6.6290716794900675,9,2,0,Manhã,63,9.812950152612554
21,83.48272896546268,6.320352769343497,7,9.035082369881792,1,3,1,Manhã,106,10.0
24,61.31386680973753,3.7976964430002202,15,4.964077508271071,3,3,0,Manhã,6,10.0
26,96.50997851516516,6.40210852084278,4,4.149829972702298,5,2,1,Noite,40,10.0
27,69.92905771028607,9.442080268535854,2,6.694232607580755,3,3,1,Noite,39,10.0
15,83.1052781636619,6.6453769928394895,11,5.424871340513545,4,3,1,Noite,2,10.0
14,66.62053269711895,7.315498088265584,12,4.297686240033025,3,5,0,Manhã,16,10.0
2,61.3551664098638,4.096469058816658,12,8.347589721085773,4,4,1,Noite,65,10.0
36,72.4589268453103,3.3061493811597864,9,4.669557999743485,1,5,1,Tarde,78,10.0
6,91.2198283018435,3.775655735258649,3,7.64991700004663,8,1,1,Manhã,109,8.903482230321126
20,71.10348690517672,7.18972102979056,8,5.686298501001335,4,5,0,Noite,92,10.0
8,68.80388856324389,3.665081892946133,1,5.040976302130132,7,2,1,Manhã,113,6.349104089022715
38,68.50723137364905,5.6319502295891795,18,6.278509137515905,2,4,1,Tarde,111,10.0
17,80.60694729627251,6.850643583207092,0,8.808674657337722,2,2,1,Tarde,51,10.0
3,99.02165262731026,5.720569590408929,6,6.352561461427436,6,1,1,Manhã,21,10.0
24,78.35955952068052,4.14578661025711,16,8.504617895266335,2,4,1,Manhã,3,10.0
13,82.29221475560192,4.916539152598745,2,4.752917780794904,6,3,1,Tarde,115,10.0
8,94.42528071562936,9.49822272994004,19,8.636628517990474,2,5,1,Manhã,5,10.0
25,81.40278875734634,7.731875929104488,19,5.421599949439892,4,2,1,Tarde,37,10.0
1,67.37851485675424,6.472334870759206,2,8.064358779333237,7,1,1,Tarde,25,9.7803250915708
19,71.98383647065909,3.0890042299082547,2,7.394689329045978,8,3,0,Noite,10,8.202951019205614
27,72.39747705074444,9.946907803426292,16,9.574868303270124,3,5,0,Manhã,89,10.0
6,75.89272461830392,7.700184544262503,6,6.323935107851884,9,3,0,Manhã,16,6.6243467255945845
7,77.07155621346998,5.218457341414615,13,4.396991133006643,2,5,0,Noite,87,9.560068553919399
34,91.99128088297078,9.154880619984867,16,4.114932913307517,8,4,1,Tarde,91,10.0
13,73.97547996197332,4.809021342042726,17,8.961151365836518,8,3,1,Manhã,98,10.0
16,78.72927313765517,6.808116054279261,12,7.148413825968593,4,3,1,Noite,30,10.0
35,84.9990394820421,7.452495346108775,19,8.651464311009695,1,3,1,Noite,76,10.0
39,75.10903789760677,4.547443600176099,19,5.406553600069088,1,4,0,Manhã,117,10.0
3,93.46259253169332,9.848780951604171,17,6.070502473079403,2,1,1,Noite,34,10.0
1,83.49814416936297,8.237343341852982,3,4.180623233267914,9,5,0,Tarde,15,8.178338050296167
5,71.76178716883886,6.90469257857749,0,9.768953947444672,2,3,1,Noite,78,10.0
3,88.56236799159313,4.264162187227106,17,8.00720744020488,2,4,1,Tarde,106,10.0
28,81.10590920579143,3.3770074489861828,0,9.599230526555838,6,1,1,Tarde,17,10.0
17,81.37823565028988,5.240418827646884,12,5.592978444574434,7,5,1,Manhã,110,10.0
25,79.24351793550343,8.272311351393821,19,7.668781667353965,7,4,1,Noite,100,10.0
33,79.88047795284996,4.8853190881141755,19,8.070999809755827,9,5,1,Tarde,111,10.0
9,90.61425124264963,6.776893543468535,9,5.905298201545531,6,3,0,Tarde,61,9.880109284151475
35,64.11925917325262,8.095630237115202,10,9.08865541009378,8,1,1,Noite,111,10.0
13,73.37451245241928,3.7556060025252505,8,9.682968777401488,6,4,1,Tarde,112,10.0
30,63.02013455215557,7.7970861128111135,8,9.309130706176026,2,1,0,Noite,104,10.0
14,90.12984882989804,3.643096213970313,4,8.434401855636235,1,3,1,Manhã,26,10.0
7,70.89207418881197,9.755908194888976,0,5.664788078349725,5,1,1,Tarde,118,9.55528471788573
13,95.89721639275537,6.418758910454577,16,5.689696252633791,9,1,1,Tarde,34,10.0
22,81.06313866637174,4.054732753969142,1,9.780161922676228,8,2,1,Noite,115,10.0
39,92.02999085944484,5.396685452234825,12,4.061706975614152,4,1,1,Noite,44,10.0
20,99.15725742463844,5.89391514506683,8,8.296299839452868,5,5,1,Noite,117,10.0
15,93.59155437826283,8.307295077535763,3,8.237476975331573,5,4,1,Noite,34,10.0
17,94.67975040046093,8.203966502536264,4,7.736137245698785,6,2,1,Tarde,27,10.0
23,76.31937981459379,7.283583537361317,10,9.940653076521194,3,4,1,Manhã,102,10.0
25,82.0689038103736,3.7415149879094507,18,5.871276614582351,5,4,1,Manhã,101,10.0
24,70.15554256173218,4.060985601113715,2,6.039831182759489,2,3,1,Manhã,8,10.0
28,67.84452398773811,3.6562984445188964,11,4.473636417679334,10,3,1,Manhã,75,10.0
14,80.22031516424136,7.04020948301285,18,6.656788819262425,1,2,1,Noite,14,10.0
0,83.80195918801682,9.139969090579829,18,5.566291157409088,1,3,1,Tarde,20,10.0
24,73.57084983584764,6.036603585783403,12,6.060320213065865,10,3,1,Tarde,51,10.0
6,82.77774071054002,4.125937217704223,6,9.007430741533767,7,3,1,Tarde,34,10.0
8,95.49841930054012,6.906296276042769,14,9.612907081164973,2,4,0,Noite,105,10.0
23,82.26886339133465,8.68226551805997,6,5.1143984320311136,4,2,1,Tarde,96,10.0
0,88.83252385242027,8.19198443059051,7,6.2350535893207955,5,4,1,Noite,50,10.0
7,92.2125986943162,9.17015545772515,4,9.571783372692364,7,5,0,Tarde,82,10.0
23,99.54915127821772,4.945314680742075,13,4.370850764135335,2,4,0,Manhã,54,10.0
10,84.12789608707918,4.3576770708744235,3,4.554163168668271,6,5,1,Noite,86,8.506033078571523
16,92.27400595850344,9.158715401593572,9,4.976745935237377,1,1,0,Tarde,76,10.0
7,98.50597274219498,7.602922189446161,19,7.5712770047612485,7,1,1,Manhã,43,10.0
34,97.77638902309093,5.176502510052879,14,4.902833626035985,9,5,1,Manhã,64,10.0
34,65.64327395110854,8.196436354007563,17,9.8084582887044,5,5,1,Manhã,114,10.0
32,76.25569233094089,8.705828691362576,19,6.680287163551122,5,4,1,Noite,92,10.0
4,72.95960244427198,7.304847682387926,12,7.0091077621009985,4,5,1,Noite,87,10.0
38,63.47700059801397,7.8151887691594055,7,5.4799516948324385,3,2,1,Tarde,79,10.0
27,85.32963099643842,5.626819331098664,8,6.825761514608401,9,1,1,Manhã,24,10.0
6,89.43618452784008,6.7708696714012735,15,7.971481795822069,5,1,1,Tarde,118,10.0
8,93.92512381867533,6.669114195083136,18,8.507062821724256,8,5,1,Tarde,86,10.0
7,64.91107558650835,8.936334537915403,15,8.523208496259478,9,3,1,Manhã,91,10.0
11,95.05776303501176,8.879747861975279,6,7.46734667616453,5,3,0,Tarde,46,10.0
33,85.71702254457013,8.828763285429304,13,9.426158649963144,10,5,1,Noite,79,10.0
32,88.15784540554037,3.0772212998372606,13,8.904447083836656,9,2,0,Tarde,106,10.0
22,96.42496014161216,8.246818391282218,3,8.542288688191753,2,3,1,Manhã,55,10.0
23,84.99045084173005,8.310734730777034,14,4.333633130082764,9,5,0,Noite,37,10.0
36,73.43463428599341,7.748651759985993,2,4.041267773317896,4,2,1,Noite,10,10.0
34,93.0042932569064,8.293852605240168,4,5.274683663172838,6,2,1,Tarde,66,10.0
39,74.52236848780362,8.89379260047696,0,7.981141563480714,6,4,0,Tarde,14,10.0
21,61.36912443282117,6.292233378712499,2,6.467184933295275,6,2,1,Noite,0,8.752694553719289
26,93.22618026260999,6.51435149441913,14,6.41443755579587,2,3,1,Tarde,6,10.0
34,73.80768579525102,3.8729983983797336,7,9.307521329377682,7,3,1,Manhã,0,10.0
0,90.9533809280536,5.697631181331532,3,9.373377088791033,6,5,1,Tarde,48,10.0
34,74.51031578663782,7.50355625938249,1,9.455051584321515,1,5,1,Tarde,95,10.0
36,94.44272079898886,8.462798433030922,9,5.883268459090164,2,2,1,Noite,72,10.0
13,68.78042100323835,4.520463683838473,3,8.14633487643557,7,1,1,Tarde,28,10.0
2,98.9818906079548,3.964760294114648,2,5.629799087646218,1,4,1,Tarde,25,10.0
0,91.19035099152123,7.641294031503445,1,5.143658998446699,1,1,0,Tarde,86,7.665263966570722
4,64.56951703681587,3.0131591846743744,16,5.107794744084215,1,2,1,Manhã,44,10.0
25,82.63106479866242,4.248608090151309,19,6.052645725181565,8,2,1,Tarde,106,10.0
13,99.41469248966939,3.203499662407676,12,6.5797457186789305,4,1,0,Manhã,92,10.0
38,78.84261810775257,4.168195824984096,4,8.985695026330411,4,4,1,Manhã,115,10.0
26,67.28428555286332,4.269234959478537,8,4.719346560836272,2,1,1,Manhã,101,10.0
8,79.39113468601384,5.713715163252759,5,8.409555084369366,1,5,1,Manhã,96,10.0
14,80.49830623527686,5.816289872805892,4,7.188729485135832,10,3,0,Noite,70,10.0
14,89.66747776914661,9.119837294271665,9,5.727672056055955,9,5,1,Manhã,11,10.0
25,87.95383412643618,6.570767987491776,7,6.956917507196947,7,3,1,Tarde,94,10.0
12,76.10200174387921,8.063833359286004,6,5.799652418662136,4,2,1,Manhã,31,10.0
31,68.72092429976345,3.728961505442012,6,7.576491731429836,6,4,1,Tarde,117,10.0
38,85.80216671077318,4.578071288245857,5,6.603063537131465,2,1,1,Manhã,19,10.0
31,76.86815738213127,7.920604086850737,19,4.986433174473272,7,4,1,Noite,118,10.0
3,65.29104844501322,3.3696277232796965,2,4.6994984473341805,2,1,1,Manhã,50,6.6600641403311664
29,96.02289204945544,6.406183635706272,18,7.280174092432781,10,5,1,Manhã,80,10.0
36,87.64887430438617,7.195582759640537,14,9.414478199716621,8,5,1,Noite,35,10.0
22,87.32735425781925,7.215019508367368,3,6.0637461193461135,8,1,1,Manhã,66,10.0
38,92.90335503646696,3.160529678876294,11,8.398000643335738,1,4,1,Tarde,0,10.0
14,81.18646714620324,5.254756029604298,5,7.951968129638602,8,1,0,Manhã,113,9.441048982544398
28,92.60217713609828,7.455434557344078,18,9.589329485856886,2,2,0,Manhã,26,10.0
35,79.92363014044022,4.042998153044704,3,8.925886103794845,6,5,1,Manhã,116,10.0
12,62.6870159966284,7.867909538296373,14,7.399631553432778,1,2,1,Noite,110,10.0
31,76.20992352110756,8.221476461695723,8,7.942182989404644,5,5,1,Manhã,39,10.0
6,79.89859575919562,9.873784333123016,4,9.39031879950421,7,5,1,Manhã,96,10.0
21,88.80810326529183,4.468893963994866,12,6.397112707521609,10,3,0,Tarde,83,10.0
27,64.26314920514697,8.775914673662808,17,5.960768235146665,1,2,1,Manhã,13,10.0
1,65.60074154641796,6.642076038430578,4,4.064866501811178,2,2,1,Manhã,99,10.0
5,70.54735210538466,5.614238173009214,15,8.959306445148785,7,3,1,Manhã,68,10.0
27,70.65993573483529,3.856637301276246,18,8.80588420242019,6,4,1,Manhã,86,10.0
27,89.28738313836249,8.148539245412763,13,4.6267271086009085,3,2,1,Tarde,108,10.0
19,70.0292264224639,4.65100319400581,15,7.461144286796202,10,1,1,Tarde,119,10.0
29,85.3239225342979,5.59995401311132,14,6.783890189001324,2,3,1,Noite,78,10.0
10,79.77095400553085,3.437795588281579,3,4.712254573054668,10,2,1,Manhã,5,6.353349489379939
27,82.93177512717602,8.609568410736633,6,9.883409362364342,4,4,1,Noite,32,10.0
24,93.52427852713183,8.366119667801502,15,5.288175324780132,3,2,0,Noite,54,10.0
38,76.17526006196097,8.135310810296186,7,4.403405080543367,7,5,0,Manhã,18,10.0
32,90.83645508257082,5.096104573443206,16,7.5690842770114575,8,1,0,Tarde,76,10.0
0,76.8814423820275,4.2143605198617005,15,8.433200062798196,2,3,1,Tarde,28,10.0
26,74.15485506244998,7.462872851291609,9,4.194660676283122,10,5,1,Manhã,60,10.0
12,98.34508709252881,6.4731646887925365,9,7.952305832362133,7,4,1,Manhã,69,10.0
2,67.37483682715853,4.247767268332491,1,7.193751255708727,8,5,1,Tarde,78,6.018383046044772
38,63.61347842310431,7.801378897349046,8,4.61959005325029,6,5,1,Manhã,79,10.0
5,90.83943702141914,9.937885022749125,16,5.035143261678172,6,4,1,Manhã,23,10.0
7,62.72998821416366,8.230537114194263,10,7.407845783896483,10,5,1,Manhã,22,10.0
26,93.48315962812117,8.179904706799283,9,5.77814568107973,1,3,1,Tarde,111,10.0
8,77.48773585428974,9.652189270514143,16,9.629894371907897,4,2,1,Noite,9,10.0
36,96.62054709167657,4.420554573024315,3,8.912441376904304,1,5,1,Noite,53,10.0
32,88.86131444487623,6.958849754450083,15,9.90140323908198,4,3,1,Manhã,104,10.0
23,84.4161866803183,9.857527005237184,19,5.558025033702484,2,2,1,Tarde,40,10.0
14,97.97227188231062,4.157058776791222,14,9.818341796787863,5,2,1,Manhã,48,10.0
31,75.86597492208217,7.901763716111647,4,6.587403218749348,10,5,1,Tarde,16,10.0
31,98.16347746158533,7.100671021803314,5,6.085112771882528,9,3,1,Manhã,112,10.0
23,65.40005109684827,7.105353645320949,16,4.3020971618161195,10,5,0,Tarde,55,10.0
11,79.3501976772965,7.883694392640526,0,4.316591547157616,3,4,1,Tarde,107,10.0
38,70.7964488956878,9.507318460129788,18,8.152067535679928,8,2,1,Noite,44,10.0
1,81.59371115632774,8.478073578959366,3,6.747573966604167,3,5,0,Manhã,29,9.54303803866538
2,66.48055511566338,3.39295272391347,16,5.3591297562166345,6,2,1,Noite,43,8.300031517485353
36,93.66118641240173,8.969096139129979,8,7.683821837951395,4,3,1,Noite,109,10.0
16,93.85631397258229,4.578789309480128,1,5.517148709500667,8,1,1,Tarde,73,9.630931820688353
1,98.20945250893917,5.638399153154603,7,7.465790526066535,6,5,1,Manhã,54,10.0
1,66.18688563532945,6.232129695286675,14,6.155252481896142,8,5,1,Tarde,18,10.0
27,84.93330203619962,6.366342005271488,6,8.941313359670914,1,2,1,Tarde,28,10.0
22,78.96949234801478,6.046262794787498,5,8.924176964600676,6,3,0,Tarde,1,10.0
36,73.77534928176934,9.561473059511052,0,6.864102388734408,1,4,0,Manhã,35,10.0
31,74.06160644536875,7.942133053648172,14,6.104914656010093,1,3,0,Manhã,18,10.0
32,76.51174202427009,7.418194521696945,6,6.175358779354568,8,5,1,Tarde,6,10.0
0,88.19702198755812,3.348894194480591,16,8.834287154009306,7,4,1,Manhã,25,10.0
18,83.93144233072618,9.327393311822622,1,5.969076896785672,3,3,1,Tarde,78,10.0
1,78.38726051044524,9.365731344058773,8,5.254356242241077,6,1,1,Manhã,110,9.113009608049415
25,63.03733641478488,8.461491444010717,8,4.508130051251841,9,2,1,Manhã,119,10.0
31,63.110613763158284,3.049204426695334,12,6.80015872530645,7,3,1,Noite,37,10.0
5,60.09357562503113,3.4009617575433637,5,6.892792593519051,3,3,1,Tarde,2,10.0
31,98.70797552828346,4.576565915879428,5,9.045452262417443,6,1,1,Noite,101,10.0
3,60.210152742335396,3.919445857014347,19,5.327432178676384,4,5,1,Noite,79,10.0
10,64.12374984054979,5.791852207926106,19,6.2859476420104,3,2,1,Tarde,65,10.0
16,72.58386227237644,9.458361406614529,2,8.850434433362146,9,3,1,Tarde,94,10.0
37,92.29721007267045,6.304423039378988,16,8.94174166449384,10,4,1,Manhã,91,10.0
23,98.4839514305647,3.093818385025159,16,6.307666455872609,2,3,0,Tarde,70,10.0
4,91.60054235167425,4.979219827051335,11,6.754744139720085,1,2,1,Noite,93,10.0
33,87.62240929782563,3.3121643586107306,15,5.819715345095697,2,3,1,Noite,42,10.0
5,80.85202669654278,3.254013358294515,14,9.595329270515872,7,1,1,Tarde,61,9.875399733984215
21,63.46820847448734,4.930038971668866,12,4.711862594449482,10,3,1,Noite,70,8.472095676100679
10,98.32683172015722,4.929286370752617,0,9.60249653800882,1,3,1,Manhã,99,10.0
15,90.33569655782726,8.509886218211228,16,8.103198711012059,6,4,1,Noite,92,10.0
32,85.55797541337047,9.823842569467782,2,7.189432916120387,7,1,1,Manhã,23,10.0
8,90.36143382155399,5.598449657229988,14,4.195954364706975,9,1,1,Noite,115,8.445092138760073
5,88.96413317092555,6.00220815202727,3,6.8535771509320496,8,3,1,Manhã,38,10.0
15,85.48926319157948,8.913526054002151,3,6.446488630016393,6,4,1,Manhã,67,10.0
28,99.22307200719953,4.876973140668594,17,4.967312871850735,3,3,1,Tarde,92,10.0
2,96.13455250544101,4.094672630824135,16,7.938457621003941,8,3,1,Manhã,43,10.0
19,85.86659676468653,8.971627363825554,18,9.826905444209714,7,2,0,Tarde,4,10.0
35,87.727008458277,3.3255041050804586,10,7.3731328663871505,3,2,1,Noite,54,10.0
18,62.0638322663484,7.33789608139591,19,8.288519658663674,9,4,1,Noite,92,10.0
25,86.79669858200157,6.933949932267647,2,4.4107027153961,2,5,1,Noite,29,10.0
2,61.76661750840401,5.421443132511859,7,6.506001974901968,3,2,1,Manhã,28,8.223167184397333
18,83.53055027879725,5.206326647681513,13,4.698150910986975,2,5,1,Noite,25,10.0
19,99.9741399826334,8.403004083271348,0,7.676775013219062,1,1,0,Noite,82,10.0
31,82.23226325748719,3.6049722753378255,13,9.630892949284927,4,2,0,Tarde,25,10.0
6,78.92840472325334,4.657490165179698,1,7.970666394829831,5,2,1,Tarde,36,10.0
32,72.5141942602235,8.127141122866629,3,4.460818289886529,6,4,1,Noite,90,10.0
39,64.82090315145858,6.83824408608497,18,6.127997229910497,5,5,1,Noite,93,10.0
38,89.24094685833126,3.895917459735105,5,7.30398027664511,1,2,1,Manhã,114,10.0
17,67.70396111142522,9.174949299974422,0,6.4192465367995135,3,2,1,Manhã,52,10.0
39,64.61128084989137,5.754134925945141,16,9.001864062851034,1,4,1,Noite,29,10.0
0,76.87050638922051,8.79507862725521,7,8.888026028259935,5,4,1,Tarde,2,10.0
10,91.8136735183639,8.513991108693961,18,7.670986120619329,5,5,0,Noite,42,10.0
27,89.80258192480882,7.370978125302097,0,6.240747670796232,6,1,1,Manhã,6,10.0
24,62.195304585859,6.461367919065651,4,5.532018242579465,8,1,1,Tarde,48,10.0
22,78.20574740144625,9.8568558826723,15,4.635245909278776,10,3,0,Tarde,72,10.0
30,80.89738304284676,4.0147555066587195,5,6.129386100919325,1,2,1,Manhã,116,10.0
29,85.78186602503288,8.076090092857804,7,6.479035103246317,4,5,1,Noite,40,10.0
34,86.00669401772913,4.338334910253523,12,8.054937550624441,10,2,1,Noite,105,10.0
6,74.58788997829224,5.367841737326438,15,7.94895894578544,1,5,1,Noite,76,10.0
15,82.42708776014055,5.160891203612367,2,4.4206488378475415,9,5,0,Manhã,78,8.969032300537291
25,79.24247535376345,9.62925191417106,18,6.371555892586946,7,5,1,Tarde,53,10.0
1,95.39993426093125,9.771493244517927,11,5.0906732033041715,7,2,1,Manhã,68,10.0
0,81.210605305396,4.28110810964309,15,4.940876231900834,5,4,1,Noite,92,10.0
11,77.64128646992646,3.1542461220825295,10,8.963812898423475,7,2,0,Manhã,98,7.879313637924929
4,76.17941798727404,8.040056277641792,9,4.251491300297545,2,5,1,Tarde,90,10.0
36,82.89711037733863,5.92592953709339,19,6.515097255412728,4,3,1,Manhã,26,10.0
31,92.1590791760359,3.621881715612951,3,5.009221934599109,7,1,1,Noite,7,10.0
8,81.5360596152315,7.786278739039298,11,9.275981294070844,3,5,1,Tarde,31,10.0
34,86.46620700322165,6.815738697824898,1,7.342243079650211,2,3,1,Manhã,83,10.0
18,89.51423067626101,9.863617754007741,18,5.388283818261089,10,4,1,Manhã,63,10.0
15,80.80672439514927,4.591866471029652,4,7.0145637229982585,2,5,1,Tarde,9,10.0
2,77.07268226619458,5.8278451342858375,7,8.388918158218695,1,3,1,Tarde,12,10.0
19,95.06661511449798,6.797820623767961,6,9.748708053516602,5,5,1,Noite,62,10.0
23,76.70024336111568,8.541899919173462,13,5.322676025472513,6,2,0,Tarde,92,10.0
32,78.47771402302351,6.841870597040411,2,9.317090632776072,6,3,0,Noite,34,10.0
23,99.61365253367109,7.290301126033644,17,9.605824685004942,9,2,1,Manhã,60,10.0
10,60.009500943035384,4.583029361129585,15,9.498523267192397,4,2,1,Noite,53,10.0
7,67.4189163830689,8.928431096619919,18,7.812486141171459,1,3,1,Manhã,7,10.0
35,75.35855559678903,6.000413828793331,18,7.778923926608246,6,1,1,Tarde,28,10.0
37,97.30359637701011,3.986717392652385,17,6.419263799102937,5,3,1,Manhã,94,10.0
39,62.80118822989884,7.649315401537922,19,8.514387293822727,10,1,0,Tarde,40,10.0
19,60.37941734513992,4.512633172297153,15,7.187764110105592,6,5,0,Manhã,29,10.0
34,62.107353439089145,3.6829375716750983,7,8.064628427369767,3,5,0,Manhã,85,10.0
24,63.54173642454472,9.033908358829905,0,6.570747423092772,2,3,1,Manhã,20,10.0
34,61.503870928250436,6.221135851419078,16,8.388978784258835,6,5,1,Manhã,75,10.0
24,79.19125307426019,8.244985988870436,11,8.946829105627295,1,4,0,Noite,10,10.0
28,83.23028828909311,5.034112918644485,10,4.878617539616897,7,2,1,Manhã,1,10.0
17,70.86747884276016,8.508790944423664,4,8.997578293445368,7,2,1,Noite,49,10.0
17,75.93149535902542,3.783551489150712,11,7.241779190741843,10,1,1,Tarde,40,9.225275203252759
1,63.66797340445721,5.491813616563969,16,9.067995454541347,7,5,1,Tarde,65,10.0
34,73.45481855313687,9.8464327258147,5,6.587810238046088,10,1,1,Noite,97,10.0
15,80.90076766538093,8.557928014576042,0,6.27424291229821,1,2,1,Tarde,2,10.0
35,89.29087228738581,6.480791512202817,4,9.490364395103335,4,2,1,Tarde,79,10.0
32,60.13385448171917,5.378442300933195,13,5.507015605290408,7,5,1,Manhã,50,10.0
3,78.69243066150611,9.104949900157337,4,9.065273951716858,9,4,1,Manhã,67,10.0
32,71.88011505819529,6.813934313591609,0,6.904123435056425,5,4,1,Manhã,86,10.0
13,94.11287286767606,8.308975125083776,17,7.084572655307558,2,5,1,Noite,113,10.0
20,88.62213260936969,8.27875376221315,15,5.850809688936904,7,5,1,Noite,83,10.0
19,83.56434137883579,3.125619749979443,8,7.438253203714094,10,1,1,Tarde,24,10.0
7,71.09062582787095,3.883776479548294,18,5.951267177657268,1,5,1,Manhã,29,10.0
6,96.41356408230138,7.617405564763196,4,4.235616485449913,7,4,1,Noite,81,9.47206283165354
2,61.80402708881293,4.1313386790011,1,5.6319916320661365,6,5,1,Noite,105,9.377908748347743
16,64.37870394716461,4.788453412589233,14,4.038274260439544,7,1,1,Manhã,10,10.0
32,75.66520562161423,9.62646567939725,6,9.87012872234114,10,1,1,Noite,92,10.0
11,64.97750229187426,6.921275808624383,3,9.794483258918484,3,1,1,Manhã,16,10.0
21,98.256627902377,8.25510654899543,0,6.3709317848338305,3,1,1,Tarde,25,10.0
21,91.91957288573533,6.905865171478479,12,8.370225126037877,7,3,1,Tarde,119,10.0
29,70.35930606407254,6.867595303479076,19,6.074836590462549,2,5,1,Tarde,22,10.0
37,83.54216915892982,3.659063370879885,6,8.026558942515855,1,2,1,Manhã,55,10.0
37,99.29322060320327,5.405642348263721,14,8.832580258275875,9,5,1,Noite,51,10.0
7,95.36795912526011,4.977016290805582,13,9.680537468153444,9,3,1,Tarde,47,10.0
26,84.03193785768792,5.7350985592952926,18,6.4012736550980325,7,1,1,Tarde,19,10.0
26,96.14895868701082,8.588409317570298,19,8.699787897736286,7,3,1,Tarde,108,10.0
33,99.56739639253436,5.603528675418054,17,5.5955707037927125,3,4,1,Noite,1,10.0
20,89.73411291574496,6.161877734621779,9,9.94199382276189,10,4,0,Noite,87,10.0
29,62.59945637931576,5.781669733397216,8,4.154617592586106,2,5,1,Manhã,30,10.0
32,76.0632094570195,3.653855803827069,7,7.621172839006726,7,5,1,Tarde,26,10.0
27,93.51302941132982,6.0875051077554865,9,7.957035889907963,9,2,1,Noite,1,10.0
32,69.22276783220076,4.369264911311605,16,8.128273342444773,1,2,0,Manhã,77,10.0
4,93.22570071002498,4.30706307041129,1,4.722325472734534,4,4,1,Tarde,3,10.0
18,64.81355048139984,3.6582527310398643,5,9.631178700838783,6,1,0,Noite,112,7.319281594331748
3,61.87781428591252,5.496696818992353,4,5.087099674300497,7,3,1,Noite,12,8.30070890976938
34,75.36362445964998,8.302373193525922,8,7.736520419439047,10,2,1,Manhã,99,10.0
16,61.469277497064546,4.935091834083773,4,5.33605647473851,7,2,1,Tarde,34,8.637748740317274
27,98.29081051933302,5.186443713198595,17,5.843298502127626,10,1,1,Tarde,107,10.0
29,93.04822783175864,7.498722603706965,19,7.278751250368746,2,1,1,Noite,117,10.0
28,92.030787485195,4.370885688108432,8,6.503160511387459,4,5,1,Tarde,118,10.0
5,85.19111691984612,9.278705512964741,16,4.9613536058590375,5,3,0,Manhã,71,10.0
34,68.65296092146214,6.641333662760881,16,5.0256184145250895,1,1,1,Noite,65,10.0
36,80.73041466705568,6.133220582241519,11,6.508868728976798,1,2,1,Noite,5,10.0
23,83.89096289721364,6.90474134350441,6,8.543697869653005,10,2,1,Manhã,30,10.0
28,81.00126003441073,4.162240193913368,2,9.38778788108673,3,4,1,Noite,117,10.0
30,70.40933471806109,7.294311970474234,9,4.504765973556297,10,1,1,Tarde,9,10.0
34,80.60991697258903,5.5417051564380735,1,6.358623445356407,3,5,0,Tarde,107,10.0
32,79.64745363474506,9.280304386752332,2,4.60147338233726,8,3,1,Noite,20,10.0
20,99.85343103226897,4.181979446743803,15,4.099554883795587,9,5,1,Manhã,105,10.0
31,95.89744592184815,6.549357727058087,1,7.97031209586374,1,2,1,Manhã,73,10.0
22,78.5352299286248,7.186788405583126,9,7.614696651799527,2,5,1,Tarde,22,10.0
32,84.91749531740474,3.2336852125046684,5,4.978114682889317,10,2,1,Manhã,2,9.670429491440515
2,89.91486416368915,5.545851873292982,10,5.402876998558384,2,2,1,Noite,31,10.0
17,61.394606409352996,8.128446642905828,6,4.1422465218671105,4,2,1,Noite,19,10.0
24,95.7968576491136,8.742642552142813,14,9.009683234166422,2,2,1,Tarde,73,10.0
30,94.40507265671695,5.192133963720977,5,9.848143576291308,7,2,0,Tarde,28,10.0
2,78.2972839109483,8.590152906679258,19,4.812757220768145,9,4,0,Tarde,104,9.170091485016696
39,75.64679064321518,9.774291139723722,8,5.388851282591789,7,5,1,Manhã,51,10.0
23,70.9183749942526,8.99811755252566,19,9.210457143681605,6,4,1,Noite,114,10.0
31,79.06707313321473,3.8235079171152764,11,9.558782787737108,10,4,1,Noite,45,10.0
21,61.77506654132947,8.178112324598784,18,6.517764296840862,1,1,1,Noite,33,10.0
22,94.0877413338803,5.237667827083813,19,4.3037348336144445,10,1,1,Tarde,100,10.0
1,61.4168947367418,9.918911925884537,2,4.236351002156916,9,1,1,Noite,83,8.379923401185327
26,73.16205461479484,6.39751288211921,14,7.443699196414062,5,3,1,Manhã,60,10.0
1,97.26357953275959,3.857037288512587,1,6.357370653359074,5,1,1,Manhã,71,8.213345825735596
25,89.4085061809381,8.076298836191736,1,4.1719145654659275,6,5,1,Noite,70,10.0
16,71.25563842310108,5.261078388703497,2,7.499514353875341,9,4,1,Tarde,69,9.04595831640771
39,70.10596375843541,9.979547099571633,5,4.067815219534134,8,5,1,Noite,10,10.0
32,60.20328559272104,9.858477204981654,14,8.724231748895637,8,1,1,Manhã,107,10.0
8,87.82857171399002,7.592938126144065,9,5.838596936220229,8,3,1,Manhã,81,10.0
38,61.951343266926926,3.908785142662023,8,4.241548018055393,1,3,0,Manhã,114,10.0
28,81.30410077603048,7.808026983725203,0,7.53011332589892,1,4,1,Noite,105,10.0
25,98.48487890368199,3.6512134052201906,15,6.386106486598328,8,5,1,Manhã,92,10.0
34,64.37875440217816,3.2055491137167462,5,9.842802480142897,5,2,1,Tarde,88,10.0
24,95.7791972387227,8.760709123550402,8,7.265191975022213,9,5,0,Noite,62,10.0
23,99.65901340580193,4.468270633785769,3,5.651435086222049,2,1,1,Noite,20,10.0
12,62.4606810495694,5.653189883533682,1,8.25663318780385,9,2,1,Manhã,109,9.363833276166954
6,95.31625076549845,9.814201729833211,3,5.628952015256268,8,3,1,Manhã,2,10.0
35,80.64316081774467,5.357883513027723,0,9.425459748445391,9,4,1,Tarde,81,10.0
19,96.2605487777832,5.0754284689832065,18,6.248331823044259,4,4,1,Noite,87,10.0
0,82.85275767678297,9.427455997359427,9,7.299211376657231,1,3,0,Manhã,110,10.0
7,86.48448040426258,3.7752391172327067,14,4.303438622945373,1,1,1,Tarde,101,9.657256626220791
15,81.75115631989597,8.317076870802422,18,6.556727427713385,5,3,1,Manhã,9,10.0
13,94.57971521229393,9.916458966569419,15,8.99418123796597,2,1,1,Noite,26,10.0
11,89.35639675814807,9.309072075422542,3,8.833892832180052,8,2,1,Manhã,11,10.0
22,80.8504124872166,7.561675430944981,1,5.345911353121157,10,3,1,Noite,6,10.0
14,94.72643216206188,5.198425564949124,12,5.356474426063376,5,1,1,Manhã,16,10.0
27,69.81142129021339,4.7802538682482165,0,8.90383187327942,5,2,1,Noite,64,10.0
33,66.29362638810105,8.734785734100228,16,9.582390521015952,2,3,1,Tarde,63,10.0
1,66.41600421320288,9.158753397661867,12,4.572165527638021,7,4,1,Noite,113,10.0
31,73.36035514980952,6.67804438781985,3,6.700351836557352,8,3,1,Tarde,25,10.0
22,69.54760125204069,4.7103795855052635,6,6.024725673785374,10,5,1,Noite,14,10.0
21,97.20361402038955,3.790602458878215,16,9.224130732744637,1,3,1,Tarde,114,10.0
24,64.23336375314337,3.6102562748228184,8,4.501149488080113,2,5,1,Manhã,32,10.0
21,87.95962952158351,8.033542131476988,3,5.266755655348224,10,2,1,Noite,61,10.0
21,67.56886159140024,5.940831094934075,18,8.514810025518965,4,3,1,Manhã,100,10.0
5,95.265485310814,9.337519119945092,0,4.307763093887294,5,2,1,Tarde,46,10.0
14,98.4526115273963,8.177699105087346,9,6.955212284285736,2,2,0,Noite,94,10.0
36,78.61880035079935,4.338822925402107,3,6.65264220807832,1,1,1,Noite,34,10.0
32,95.16285920912526,7.296441931709893,8,6.0064070739324915,9,2,1,Manhã,64,10.0
7,60.20580683018859,6.048538180787116,12,6.367433891913542,1,2,0,Noite,71,10.0
4,92.79787669632401,7.040748115380292,13,7.179643521581397,4,3,1,Noite,75,10.0
38,69.14500646099694,8.16648386336962,9,4.9682041503302985,2,3,1,Manhã,117,10.0
3,96.34805237077472,8.643371167026537,5,7.431975269701557,4,4,1,Noite,82,10.0
5,60.04480445920438,8.90616128484707,15,8.832593975799918,8,1,1,Manhã,24,10.0
31,82.24726940159027,4.777824122004173,5,8.560965578740955,8,2,1,Manhã,56,10.0
29,90.26543215139739,3.2178091994215037,16,4.923399428162642,9,1,1,Manhã,31,10.0
34,70.34753322791632,8.175063146153413,9,4.895496818448843,5,5,0,Manhã,62,10.0
39,67.72531458349172,3.7444060837904223,17,5.60904620646948,7,2,1,Manhã,11,10.0
15,63.363928978719386,5.204437120290773,17,6.166448358046223,3,1,0,Tarde,62,10.0
12,73.05734306013171,3.0267199388704302,2,6.450733488450895,10,4,1,Tarde,76,7.807054385831949
29,82.39377249235318,7.77168637681134,19,8.078183301000072,4,4,1,Manhã,91,10.0
18,64.63375427121031,4.169924080298548,14,4.340082592995012,10,2,1,Tarde,0,10.0
16,75.06781447947195,7.586976867841607,14,4.208036225356398,9,5,1,Tarde,50,10.0
18,60.362896186109,9.942198320174871,3,6.351463377663454,10,4,1,Noite,69,10.0
27,92.74717681999367,3.508696101270114,8,8.182982152827883,10,4,0,Manhã,7,10.0
25,65.13794872372766,3.539546083660225,18,5.160612057738895,1,5,1,Tarde,67,10.0
36,71.33371793062327,5.382660648666724,16,7.84902688753751,2,1,1,Noite,4,10.0
25,60.7371087495287,9.064705599759394,10,5.558968827641797,5,4,1,Noite,88,10.0
22,77.2896313557005,4.5087090815393225,8,9.316516652881099,3,3,0,Manhã,85,10.0
8,93.60486010964875,5.522644739512433,9,9.3741396655997,2,4,1,Manhã,91,10.0
11,75.68604845780786,3.479537846388857,17,5.783723225687959,1,1,1,Noite,38,10.0
0,67.17989293695334,8.342087038812226,19,5.379962523779443,10,1,1,Manhã,22,10.0
0,90.14795336202077,5.858144399316158,12,6.467823832397388,3,2,1,Manhã,67,10.0
33,91.55227927482977,8.314741131425901,7,5.4431895110808926,1,3,1,Noite,51,10.0
31,66.95013901230267,9.325254910427565,6,8.034303059750222,1,1,1,Noite,3,10.0
24,90.83416434163959,4.629342029709021,16,8.956388107289714,1,5,1,Manhã,46,10.0
39,97.89191553025353,8.651772212379658,14,8.038552785467303,8,3,1,Tarde,20,10.0
0,66.6551034772909,3.413657230547773,19,8.946102683496097,3,3,1,Manhã,100,9.254367908762283
15,90.83937170128542,9.291931717261733,14,6.381952973244845,1,5,1,Tarde,55,10.0
38,88.34288018410518,7.555379832911232,0,4.937901824253165,7,4,1,Noite,104,10.0
4,78.94295553740355,9.11958706896846,13,8.427705684385554,10,5,1,Tarde,65,10.0
21,62.31681842235193,3.001318796896073,4,6.162847030849323,3,5,1,Noite,58,10.0
28,62.98777671031416,4.183567492491948,10,8.027624951374795,8,4,0,Manhã,6,10.0
2,94.0965863679459,5.728315711985445,15,5.623863651890594,4,4,1,Manhã,48,10.0
11,99.60593491002588,5.65652032362303,1,4.487377808840036,4,4,1,Noite,15,10.0
25,87.04209028747017,4.587112680464575,7,9.95549077292658,5,4,1,Noite,16,10.0
15,77.83833228041286,5.671283579070401,10,4.937209047583596,6,4,1,Noite,83,10.0
36,85.9029457360763,3.901940984001784,17,9.930525963780887,7,5,1,Manhã,86,10.0
21,83.77583436914182,5.889327904862182,2,9.863679595398683,4,2,0,Manhã,97,10.0
28,75.34449041622487,8.616480304114848,0,8.762908623448238,8,2,1,Tarde,74,10.0
13,62.62504578296052,6.353490441723459,10,7.956537772491986,6,1,1,Noite,33,10.0
27,92.86051789629764,3.126000622616505,15,7.466842301506508,1,2,1,Tarde,32,10.0
4,74.87334116954898,5.9501082910547325,17,9.196609272267008,1,2,1,Manhã,25,10.0
29,92.75142573428374,3.1902251126359094,15,5.736637129716928,9,5,1,Tarde,65,10.0
4,70.10034998753528,9.763703874947588,9,6.806087274909262,10,4,1,Tarde,62,10.0
11,60.041179193825336,3.8921777159600826,17,7.716339816199012,6,4,1,Manhã,86,10.0
15,66.35753133107026,7.953818284314331,5,6.467142855216947,10,5,1,Manhã,40,10.0
25,78.74157667074337,9.8094342602446,18,6.564918724541608,8,2,1,Noite,85,10.0
25,97.7721453983132,8.782273361666004,3,5.981708005012506,7,5,1,Tarde,57,10.0
20,64.08774478774876,7.895207625883426,12,7.385390900107216,6,1,1,Manhã,97,10.0
38,94.16839097846264,8.876226366505367,13,9.103447168090696,4,4,1,Manhã,78,10.0
35,81.08096384847448,9.872590852824393,2,5.209170268037877,7,3,0,Tarde,9,10.0
32,93.03683063199585,7.349411480774707,9,9.606598232520648,9,1,0,Manhã,14,10.0
29,71.9349772395997,6.914293647805286,5,8.134525922489377,10,1,1,Noite,41,10.0
36,93.59788658689888,7.397666773242969,0,8.93963927608018,10,5,0,Noite,92,10.0
22,90.91291120067218,6.728731207330885,13,7.33714415578007,7,2,1,Tarde,56,10.0
9,69.20214732125736,7.445623741368031,7,8.677100208544381,1,4,1,Noite,86,10.0
4,65.25340505637513,6.1488954558079145,18,4.0972023840368035,10,3,1,Manhã,16,9.839511400063634
35,94.72217290129171,4.5291022801831495,13,8.91028254867721,9,1,1,Manhã,59,10.0
33,98.52946613760528,3.8417305855817294,9,4.240833154512199,4,3,1,Manhã,8,10.0
30,61.25209254990065,3.4783865487258225,16,9.339480258177176,3,2,1,Manhã,113,10.0
9,89.25080267894742,4.843210486272401,8,9.95177648343186,4,2,1,Tarde,35,10.0
18,96.38098043791274,3.322864950350137,5,5.764404773060667,4,3,1,Noite,72,10.0
31,94.29440368369995,6.970195459435699,10,5.261911337714762,10,4,1,Noite,79,10.0
0,98.58081889080835,4.986799129164642,6,8.592180183148244,2,2,1,Manhã,35,9.465637406655798
4,90.4037631375239,8.771743656609225,16,5.51815804552152,1,3,1,Tarde,47,10.0
3,77.69195049523641,3.519686110918705,0,9.19337429903322,10,1,1,Manhã,50,8.476872735411668
15,72.47807961980521,4.584460460390401,4,4.61705555294486,1,3,1,Manhã,96,10.0
23,72.8297096175251,8.111723029631023,8,4.755731178276149,8,3,0,Tarde,118,10.0
15,88.97690690456469,7.19165807468444,17,9.874909330603693,2,5,1,Tarde,94,10.0
1,89.83348048123858,3.451438898744173,1,8.043033389620028,10,2,1,Manhã,69,8.763134855027511
27,68.01436574194851,9.140676200135402,10,9.081323346573717,5,4,1,Noite,73,10.0
31,94.72491253962124,9.140832339783255,5,5.945976264109108,4,4,1,Manhã,79,10.0
26,88.59696160808991,5.312856027130417,7,8.058902497123626,8,5,1,Noite,67,10.0
19,82.5100114537353,5.382840903446953,3,7.565450963851584,2,4,1,Noite,117,10.0
23,78.86129840410051,9.923198508451218,17,7.618900720737682,10,3,1,Tarde,21,10.0
11,81.72931223159833,7.383233201151968,10,8.095194757226329,9,5,0,Tarde,76,10.0
34,66.36982953117058,6.719215643976414,4,7.452155038774592,7,1,1,Manhã,79,10.0
32,68.14804997105097,8.867065284863472,14,6.574374215815996,7,2,1,Noite,115,10.0
32,63.646579616247664,4.997032368501215,17,5.655536166283281,1,2,1,Noite,92,10.0
36,66.14632152644451,6.004278153774498,1,8.611487985479211,2,2,1,Manhã,5,10.0
11,78.1477453842113,4.874436728418339,10,5.357634580019117,4,3,1,Manhã,25,9.90844171591687
2,81.21417574913025,8.524125926121119,12,8.154125836926486,4,1,1,Manhã,74,10.0
0,60.71447569913278,7.013445419446526,3,5.39999693589596,3,5,1,Tarde,87,9.413716713100294
32,91.8719131145611,7.611775490980493,6,7.751981019726723,7,5,1,Manhã,92,10.0
39,71.76671893373911,4.766150748875846,10,8.482469602774174,8,2,0,Manhã,2,10.0
9,96.47344139839645,4.541577109641206,3,5.312283333439235,2,1,1,Noite,51,10.0
28,98.7004505445511,6.418622402880571,14,4.3596598051678495,4,1,1,Manhã,73,10.0
12,67.41835498706618,8.162960243649788,0,4.785842457965044,3,1,1,Noite,59,9.41055135725326
11,78.48389163062643,6.676678302641121,2,7.635981803626153,2,4,0,Noite,62,10.0
30,60.049273406657036,3.2285197428196803,13,9.096678437354413,6,4,1,Tarde,64,10.0
1,83.93309060489707,9.07986054424202,5,4.269980927412546,4,2,1,Manhã,51,9.830437456394744
34,84.29225793050685,3.452808254605921,17,8.404907554249878,6,1,0,Manhã,106,10.0
22,69.901598224135,9.690771386045267,0,6.047911875700313,2,1,1,Noite,89,10.0
16,82.33650690332792,3.175993707940909,5,6.871170219517135,4,5,1,Tarde,75,10.0
25,69.02160569774942,7.861153192914961,5,9.573157299073394,6,5,1,Tarde,13,10.0
7,66.4330187631276,3.5754494459824717,15,5.991829028415073,5,2,1,Manhã,88,10.0
28,86.06077867209059,9.374736056045977,4,6.7920216036369165,3,1,1,Noite,71,10.0
25,73.03701855808299,6.2510326535787994,16,4.082094488564087,8,2,0,Manhã,106,9.34481314863528
9,83.61055755542489,3.962666423719108,9,4.48959232002903,7,5,0,Manhã,67,10.0
25,77.32986995886623,5.385709898528926,17,5.551549546808705,3,5,1,Manhã,27,10.0
33,99.37405629611615,4.153772727427334,6,4.167113444926446,6,4,1,Manhã,70,10.0
6,65.98322570670263,4.1940733808996296,2,7.788251956289506,4,2,1,Noite,9,10.0
3,78.5839438654324,9.636758241200095,12,6.558390140809735,5,2,1,Tarde,114,10.0
10,87.218265054373,6.116722785993517,14,7.288871216368133,5,1,1,Manhã,56,10.0
28,75.82180335519874,8.521615847337518,19,5.047883115377977,7,1,1,Manhã,99,10.0
35,98.9879940748276,7.477238928243773,18,5.775592176619696,5,4,1,Manhã,65,10.0
24,88.87550511707741,7.734984536368746,2,7.982946849116351,3,3,0,Manhã,89,10.0
20,86.27935430257972,3.9218540693042696,3,9.791816341782399,10,3,1,Tarde,116,10.0
35,90.28237070444894,4.6392911277083995,4,4.302500641613255,5,3,1,Tarde,49,10.0
9,98.10594552154868,8.507252346081058,0,9.342305925131598,7,2,1,Tarde,13,10.0
36,96.31274611938561,9.795363445323481,3,7.461287207867251,5,2,1,Tarde,15,10.0
8,88.97141232505648,4.8387294981905615,11,7.3835174005337425,5,5,1,Manhã,53,10.0
23,89.96646556405132,4.900981353257279,9,7.0016712112465616,9,2,1,Noite,42,10.0
34,65.83688296140582,6.310279929676334,19,4.416364515425101,3,2,0,Tarde,41,10.0
34,64.11169617970663,9.886882189988064,12,4.539261110416964,6,2,1,Tarde,80,10.0
35,82.83618007376657,4.8827126207852976,13,7.605472033954516,1,4,1,Manhã,109,10.0
17,60.7347054776216,5.848803367439848,4,6.04575142861335,10,2,1,Manhã,21,10.0
38,79.29425526206366,9.240360109364548,3,9.503608399466085,5,1,1,Manhã,67,10.0
31,68.41398319675474,3.020447228349534,13,6.439543224156834,8,1,1,Manhã,18,10.0
23,73.84066270579359,3.278361754919987,9,4.859688752215846,5,5,0,Noite,65,10.0
22,91.03218943171825,7.228501739498535,16,8.288313001012217,9,4,1,Noite,38,10.0
31,97.64950016929546,9.35166115298993,9,5.760120528646059,6,1,1,Tarde,72,10.0
36,62.89665088585366,4.671996622813493,6,7.152821844135359,8,4,1,Noite,18,10.0
11,81.36968823905781,6.287492422764963,15,8.18699671303102,10,4,0,Tarde,15,10.0
12,95.301339432784,6.153257111604728,0,9.401584667212422,8,5,1,Tarde,53,10.0
22,63.30034137761685,6.3107994226685715,16,8.753147168810056,3,4,1,Noite,24,10.0
24,92.98056187587335,7.357637870108216,8,8.058166407236344,7,2,1,Tarde,111,10.0
34,74.31205403713085,6.288206340934787,5,8.077799094370862,7,4,1,Manhã,17,10.0
29,72.88378808877341,6.132276989257205,18,9.67554786419252,10,5,1,Tarde,22,10.0
16,99.09865545259143,6.320018943018823,12,5.774944584979217,6,5,1,Manhã,116,10.0
19,68.03436359449177,7.136072088897291,2,4.006672565177125,7,5,1,Noite,84,10.0
24,87.72775763290724,6.759052418459508,6,5.631727356389192,2,1,1,Noite,10,10.0
21,92.85762912039465,8.97895198355353,8,5.307348277760464,9,2,1,Tarde,38,10.0
12,61.647339811170866,3.3464779744556665,4,7.9710075106839895,10,1,1,Manhã,104,5.24478278017273
18,86.81541833417648,8.833219500311088,9,7.802269598593174,10,3,1,Tarde,67,10.0
35,98.06199897421308,8.907472288282069,16,7.560768296228343,1,2,1,Noite,24,10.0
11,64.96879866912238,4.994356150716726,11,4.097460659256722,1,4,1,Tarde,62,10.0
18,95.84885210740154,6.239963685110954,15,8.372668326703884,3,5,1,Tarde,95,10.0
11,83.79106549507745,6.069769419762048,2,5.941182474912949,3,3,1,Manhã,29,10.0
8,84.66418327449895,4.5295688404789125,8,7.990335934039787,1,2,1,Noite,44,10.0
6,84.51776699462424,5.777577929604215,14,7.33947057101292,7,1,1,Tarde,89,10.0
27,71.95343545349255,3.310714405195981,4,6.056385552567443,4,5,0,Manhã,60,10.0
13,97.40807261197838,4.944754509472141,12,4.8074576026246465,10,1,0,Tarde,99,8.595390101976955
30,97.89401850524155,8.716775228155026,13,4.566513385962885,2,2,1,Manhã,50,10.0
18,85.01218640855791,4.991936112340283,19,8.989109998673342,10,2,1,Manhã,97,10.0
15,91.33690903766458,8.727446681237733,14,9.510385252489348,5,3,1,Tarde,8,10.0
4,84.49031943524632,6.721196252231016,15,7.8987282805857975,6,4,1,Noite,75,10.0
34,79.37593790296162,9.15903874152812,12,4.6206046891629,9,1,1,Noite,1,10.0
11,86.43280473197002,7.023456879850906,16,6.412163301329445,4,3,1,Manhã,101,10.0
24,82.12005810367833,3.2076775614531785,7,8.373635200630943,2,5,1,Noite,4,10.0
20,83.8990345052772,7.727941452829624,1,8.678925304060408,5,4,1,Manhã,61,10.0
35,91.35330213675448,3.313974976164981,4,4.709311733746532,3,3,1,Noite,68,10.0
22,79.23615325795939,6.1541791328819375,5,4.000184313072294,2,1,1,Tarde,51,10.0
15,61.630164243698914,9.505986861311797,11,8.27282227528363,1,2,1,Noite,85,10.0
38,66.55997923957989,4.156427575364951,17,6.139577055917234,10,5,0,Manhã,4,10.0
38,77.54428865958154,5.729106470590809,0,5.526887989709562,2,1,0,Manhã,58,10.0
13,88.99306239496234,8.109022161939349,16,4.077384818737153,6,4,0,Noite,67,10.0
30,83.73114593240714,9.175809892663933,10,7.241796440568998,8,4,1,Tarde,8,10.0
4,86.01176743493815,7.696601033197555,9,9.10690441255589,3,2,1,Manhã,92,10.0
34,79.17115714305149,4.807212779338185,18,9.745789877635527,9,2,1,Manhã,21,10.0
22,84.62968087768971,7.7222549704135135,13,7.394469703679736,9,5,1,Manhã,26,10.0
28,73.1606975125865,5.0770934877286304,9,7.086767966439365,2,5,1,Manhã,9,10.0
10,78.8073037078666,8.029004608731146,14,4.510338312935446,8,2,1,Manhã,79,10.0
17,89.77116262379823,9.678231893095283,18,7.293236809255599,10,2,1,Tarde,105,10.0
11,94.87331115892485,8.049754157744019,3,6.2798744737923675,5,4,0,Noite,105,10.0
8,77.34621335825555,9.040163520386887,1,7.642811685301462,4,2,1,Tarde,60,8.365203225672257
9,61.746466308294444,3.014726902231184,8,6.33235808725928,10,3,1,Tarde,50,8.768520337247923
16,66.46690176587211,8.02300487312116,9,5.441794740702201,5,1,0,Manhã,9,10.0
37,60.834445571661526,8.807112898056753,10,4.5697916513702594,4,2,1,Tarde,5,10.0
6,86.1305207694932,3.28391116281277,13,5.889510667533374,8,5,1,Manhã,61,10.0
12,73.29258501420435,9.101184091017615,6,4.579869005726514,4,3,1,Tarde,112,10.0
39,81.6991454287747,4.796859598170321,14,5.061381704943903,10,5,0,Manhã,4,10.0
8,79.73107387135198,7.657044713846386,18,9.924016951477276,6,3,0,Manhã,69,10.0
26,63.26105958209707,8.602484153163847,14,6.6646213414397115,2,2,1,Tarde,62,10.0
1,76.13045444495327,7.638651591415488,7,7.191230599030099,5,1,0,Tarde,55,8.201615833838048
4,68.82244499689293,3.645993544512801,10,9.241711172423292,6,5,1,Noite,58,10.0
28,76.73599154670612,7.174250632022578,8,9.973413402944127,5,3,1,Noite,62,10.0
36,68.14313121368971,6.847085597055005,14,7.496286696068089,2,4,0,Noite,110,10.0
37,93.61809625107733,9.3022488765199,0,8.87484292626503,7,2,1,Tarde,88,10.0
18,66.96773346313014,5.829678107509464,0,5.961646146020051,4,1,1,Tarde,58,9.66325851905395
7,98.43122205947907,5.247567679609351,18,5.834463744683747,8,2,0,Manhã,50,8.739550118884662
0,76.63629464587763,8.248955351055264,2,6.416222325967361,7,4,1,Noite,49,10.0
21,93.84981168076197,5.888727282583776,9,8.035043576041895,7,1,1,Manhã,3,10.0
16,85.1505927282378,7.522673225035441,7,8.093150135530593,9,4,1,Manhã,103,10.0
6,89.4140119466301,7.525150630872249,14,5.891436607896705,1,2,1,Manhã,47,10.0
24,90.7089555226712,9.216273450520823,9,4.799259544819773,10,3,1,Manhã,31,10.0
3,80.1937952757207,7.190846816233682,0,7.794377538793052,6,2,1,Noite,119,9.237071341095323
35,81.73202093453153,6.515075269733908,17,4.769955173132587,6,2,1,Manhã,50,10.0
5,80.559834712349,3.972099284775619,1,7.470955049375981,6,2,1,Tarde,51,7.658628597811834
30,83.52233512360317,3.8101632467509376,18,8.160532768337854,6,5,1,Tarde,98,10.0
18,61.175777830260294,4.080250956981556,12,8.20366897836671,10,4,1,Tarde,73,10.0
38,75.82060679396061,4.202939369289662,0,8.52083266395758,7,4,0,Noite,33,10.0
26,84.24754854244686,7.4651396486454376,1,9.237156529393987,10,4,1,Manhã,35,10.0
9,83.90894261023458,8.186868751922049,15,6.999753951788731,6,5,1,Noite,69,10.0
25,91.71824378422527,6.709940660484931,14,8.381495137177428,1,3,0,Manhã,42,10.0
18,86.20037355328435,8.803124127818437,12,7.715036412195021,3,2,1,Noite,109,10.0
38,99.68533265362689,9.938842587135433,15,5.119839638786095,2,3,0,Noite,15,10.0
2,71.3541811443458,8.740088403835493,16,4.154137869216449,6,5,0,Manhã,58,10.0
12,74.36604118664926,7.864176615731714,6,5.707248314061602,8,4,1,Noite,52,10.0
27,75.35388607471185,6.727448896060026,16,6.658202238025717,3,2,1,Manhã,18,10.0
19,78.63251228080995,6.141971501722958,6,7.702635666571938,10,1,0,Tarde,97,9.568885762387582
27,93.43992255124837,3.5907466638117964,12,9.099755983019232,8,1,1,Tarde,88,10.0
7,69.4316837583684,5.7955812387628365,4,5.177474300236994,8,3,1,Tarde,94,7.678269235864968
38,91.04000828141719,9.37094245747494,16,4.753298739390862,5,4,0,Noite,112,10.0
0,76.21240732342974,8.65615840934587,2,9.780879684845965,8,1,1,Tarde,40,9.583045101155959
2,84.07421534648034,4.51235955508181,6,4.648267356258443,6,3,1,Manhã,80,9.257579387109127
12,85.30162132905224,6.2662544928805115,16,6.8709464206431345,5,5,1,Tarde,46,10.0
27,74.91394548755738,8.717062417909812,6,7.5133823727598115,9,3,1,Tarde,93,10.0
24,80.50460820823221,3.4716918834986576,0,7.24824652544463,7,3,1,Noite,102,9.51737940981202
32,76.52124698590788,5.711748099680615,16,4.516192942197659,8,3,1,Manhã,53,10.0
37,62.765311447464775,8.962888658117635,16,4.342161484021716,1,2,1,Noite,54,10.0
5,77.48661555267306,5.827285049190866,10,4.632900564766214,2,3,1,Noite,94,8.689812191699254
31,63.89573570214209,3.543302513120086,2,7.513526103235675,8,3,1,Manhã,18,10.0
20,76.20083196321286,6.79774057972576,14,7.266069325805926,9,2,0,Noite,61,10.0
15,83.71673599327127,9.032197464428068,10,5.4024447522204655,4,2,1,Manhã,98,10.0
20,83.17659597374004,7.131998800672118,15,7.826644851073549,10,5,1,Tarde,92,10.0
10,86.5048511603328,4.583953757499623,8,8.920405012333896,10,4,0,Manhã,58,9.888389032689807
36,63.81046031818505,5.689677340961669,0,4.249473759079563,9,1,0,Manhã,64,8.839341700445296
35,86.08492982121751,6.150863528273526,15,6.9887796612882545,4,1,1,Manhã,67,10.0
34,72.48592226785789,7.054864476743687,8,8.135862472616141,10,3,1,Noite,27,10.0
18,75.96183784548444,8.315457180268291,18,5.513871562418123,10,5,0,Manhã,17,10.0
19,94.31945015690823,3.692115323484448,11,5.846625431758895,10,3,1,Manhã,25,10.0
17,60.36121616518201,9.227564231122965,18,7.681827417936303,9,1,1,Manhã,103,10.0
13,83.53650533362422,3.086167921112529,8,9.387611760662422,7,2,1,Tarde,18,10.0
14,83.94855920400431,5.590366342719786,6,8.859546521817396,2,4,1,Manhã,54,10.0
30,75.86639105374248,3.1919421698086037,13,7.498781314597501,9,5,1,Noite,118,10.0
0,69.48111428433344,5.7508195774170385,18,8.381330306543495,4,2,1,Manhã,56,10.0
2,69.38696153046205,6.680688192113267,18,6.188934821246792,8,4,1,Manhã,5,10.0
15,95.3483867864301,6.581769706070582,1,7.845793168592547,7,5,1,Tarde,0,10.0
22,77.6809749513143,4.159398429197857,8,6.797089546765342,7,5,1,Manhã,7,10.0
10,73.23557451956688,7.520183570669286,12,5.139616818745365,8,1,1,Noite,96,10.0
11,77.95110295325613,3.3134491535326775,14,8.210429643263543,1,2,1,Manhã,50,10.0
9,86.77561605837445,8.333347740926907,2,7.3387878240929325,5,5,0,Noite,106,10.0
31,65.83026272979006,9.626511037954824,10,6.151729491721548,2,5,0,Tarde,84,10.0
15,77.9773534085495,5.3783817900578255,13,9.468035140471784,2,4,1,Manhã,87,10.0
7,83.51537484441548,6.620675672000323,7,4.1256047069604,1,1,1,Tarde,24,10.0
37,97.94333419405734,5.652371946411701,17,5.894638907496976,5,3,1,Manhã,46,10.0
11,70.10111128301676,3.0469727321284195,18,4.341288386665879,2,1,1,Noite,54,9.615288953508745
23,74.37002991664983,5.701121520265811,15,8.599163897329763,4,3,0,Tarde,63,10.0
27,75.17434359689695,8.542041814829425,1,8.212644724682756,3,2,0,Manhã,106,10.0
7,84.22152630579532,7.171921895284372,7,5.9881133124179025,3,2,0,Noite,82,10.0
27,74.26928212160007,3.7088194023061125,5,8.053977413242439,2,5,1,Tarde,92,10.0
35,81.34047701198782,8.929976427856495,11,6.375623357175699,6,2,1,Manhã,116,10.0
25,91.27161319380117,6.7175974141967,14,8.537522748534606,2,5,1,Tarde,9,10.0
7,88.21542376448815,8.892063532212733,7,6.725101976420237,8,1,1,Manhã,55,9.785922041862774
27,77.85474586050341,7.061550631495206,3,6.4736783669899935,8,2,1,Noite,11,10.0
27,94.56864710696675,6.91781911386558,14,9.608379492929807,5,1,1,Noite,32,10.0
36,82.32560998375452,3.7368142963790865,19,5.505274599344201,10,1,1,Tarde,119,10.0
35,81.5962335800885,4.171518131970396,16,4.722684039979392,7,2,1,Tarde,70,10.0
26,61.367510637566326,9.804176795476138,12,7.507258679556749,4,1,1,Manhã,16,10.0
16,99.46771921428646,4.599407227283395,17,9.815930873705074,1,2,0,Noite,60,10.0
8,64.91883234118507,9.842164825932574,1,6.2670352823631195,2,2,0,Manhã,9,10.0
32,69.24523649710586,6.723388945669844,12,4.372220581772689,10,2,0,Noite,30,10.0
19,62.06787348966108,3.95052332944756,12,6.035831603857405,10,3,1,Tarde,59,10.0
12,85.60011867347654,3.695115419275851,14,7.035589925917351,4,1,1,Manhã,69,10.0
27,68.9880470789072,4.46204849494018,19,4.971538039793282,1,4,1,Manhã,16,10.0
28,67.20041749890893,9.47946131017735,9,7.9486133083389525,8,2,0,Noite,49,10.0
12,63.542223368929655,5.899051570297587,2,9.986496334061204,9,1,1,Noite,36,10.0
34,64.13235828496063,5.7680398759504,18,6.710436855888663,4,5,1,Noite,81,10.0
5,83.38682801770355,5.192443827491218,2,6.128371340381276,10,2,1,Tarde,61,7.846680934240405
17,87.52831463466381,4.0294329539661184,13,6.4042250010068,3,2,1,Manhã,89,10.0
4,75.89515953857604,6.414958380346845,7,4.690877070371207,2,4,1,Noite,112,10.0
24,79.19588326368293,3.9103344775779707,3,9.299641608557343,5,3,1,Tarde,117,10.0
1,87.43870943931937,8.848361654676292,19,6.488953933128112,3,3,1,Noite,79,10.0
9,60.69519160741918,5.592778903927146,10,6.323646468549048,10,2,1,Manhã,71,8.142033456104404
29,72.92522628281114,5.623624974472575,10,7.958141637582846,7,1,1,Noite,87,10.0
4,98.92390992281386,6.318044999382091,10,6.652200525586741,6,5,0,Manhã,76,10.0
32,83.20448918781872,6.108893992160262,1,7.889400812847076,1,5,1,Tarde,28,10.0
0,70.16898319589973,9.964005811415252,16,4.368677740784725,8,1,0,Tarde,31,8.951471464569474
17,80.86920186544853,6.817667848528117,8,8.882340062333364,2,2,1,Noite,87,10.0
31,73.70613952483662,3.617411926529095,1,9.643023717276415,5,5,1,Manhã,79,10.0
10,81.28979955305196,7.2481413910385095,14,7.892592316956316,9,3,1,Manhã,10,10.0
20,65.02966047226596,4.06109005008916,15,9.727395573152865,8,1,1,Manhã,95,10.0
25,65.3085861527711,3.216563513119394,3,4.90859388621978,2,4,1,Noite,5,9.807283992741947
24,65.74169448157572,9.795195075740736,7,6.864497136882122,9,2,1,Manhã,34,10.0
21,97.59279167707368,8.414772240741947,8,7.610840403672683,5,1,1,Manhã,32,10.0
26,89.31595673365368,9.860762946896369,4,7.49041988452712,10,5,1,Manhã,17,10.0
12,66.49527578649284,6.3451491361556975,15,6.408770674534259,6,2,0,Manhã,36,10.0
32,67.53396335062406,6.725802718042833,12,6.028506456197569,3,3,1,Noite,12,10.0
33,89.23317899483506,4.178358691433912,6,4.760944135302513,3,2,1,Noite,73,10.0
34,66.24655379168696,4.728351986673099,19,6.35045470337367,10,2,1,Manhã,100,10.0
0,69.38245173339314,8.869844504319797,16,4.975964890632911,8,3,1,Manhã,89,10.0
20,98.53387331281596,5.493299529823159,2,8.40619405895331,10,3,1,Tarde,109,10.0
5,70.21226098913728,8.787704816574934,4,5.25298561296754,10,2,1,Tarde,80,8.517189683381066
27,86.46529401484587,7.963096070009223,18,4.351391831707203,2,3,1,Manhã,63,10.0
16,99.14525149602122,4.2401964769030585,11,7.314196826903406,2,1,1,Manhã,0,10.0
4,74.97187068559171,6.552124562838195,6,7.57137839631641,5,3,1,Tarde,62,10.0
30,60.70063963448249,7.741711250631018,8,9.231478367683033,6,3,1,Tarde,88,10.0
4,69.76589161689498,4.645260503626776,5,7.461889674506091,2,2,1,Manhã,33,10.0
37,93.23508765366822,8.814819573640538,16,6.072885122340674,5,1,1,Noite,102,10.0
2,94.58435343820148,6.8137936028163075,15,8.818071289157924,7,4,1,Noite,9,10.0
22,90.74077458095165,4.1566943530982225,2,7.241673359124526,10,4,1,Manhã,83,10.0
36,64.52439276306292,7.0808909831522175,3,4.4756817077871505,10,5,1,Manhã,6,10.0
36,91.82041486785613,9.997996629091398,9,7.39510336187948,8,3,1,Tarde,55,10.0
9,96.74711187974017,4.053650441643895,4,9.448111272529975,7,3,1,Tarde,79,10.0
9,84.02438170184945,8.717298510836697,9,6.377875752989324,8,1,0,Noite,36,8.653829066960554
18,97.6350142535226,4.4511630223129055,11,5.7779548113988,9,4,1,Manhã,28,10.0
16,93.0735553484751,8.476718306220612,9,4.8608167421081205,5,5,1,Tarde,11,10.0
20,86.67886067963629,8.142045461849893,12,4.908673131612144,5,1,1,Noite,16,10.0
13,83.08740946846993,5.103425699203027,10,6.596628906050913,10,3,1,Noite,47,10.0
8,73.94294668967882,5.280761822951149,15,7.574078944969177,4,4,1,Noite,83,10.0
0,66.37149780971221,8.547649743740434,7,4.4836924310176105,9,5,1,Tarde,25,9.028038062321146
12,84.19815690762164,6.230118583211189,7,9.637411534150994,5,2,1,Tarde,111,10.0
3,72.72446214472478,8.11572620098266,7,8.530801704671175,2,4,1,Manhã,82,10.0
0,94.65754670110582,4.035889031560844,12,7.519743509701976,10,5,1,Manhã,110,10.0
39,99.73347749434514,8.967904473310874,1,8.970632025633945,8,1,1,Noite,11,10.0
31,90.0971105046229,7.976193016776234,11,4.48112054087268,7,2,1,Noite,20,10.0
33,63.61926781148203,9.348599661843839,9,6.8610332663987466,8,5,1,Tarde,41,10.0
27,71.54742382122552,3.926606653244807,11,7.7805587611699805,3,5,1,Tarde,60,10.0
30,64.36438527063,7.151101502524184,10,8.971917436709735,4,3,0,Manhã,57,10.0
7,86.02046591166862,7.193844095282277,14,8.700817360295606,5,4,1,Manhã,53,10.0
38,90.60763458223138,5.474225183827477,15,5.662415498280398,6,3,1,Manhã,33,10.0
25,97.02699323522847,6.209264971984805,16,9.645281017355225,1,2,1,Tarde,6,10.0
33,77.5268938564795,3.2658709430289745,1,4.746075048585222,4,5,1,Noite,108,10.0
2,96.05502598353777,8.221020270389083,17,9.250801711726913,10,3,1,Manhã,34,10.0
11,95.11564636165309,6.845257355822218,11,9.82564149762771,5,4,1,Manhã,14,10.0
0,72.68782867061594,3.4041873630842163,18,5.062921139335753,7,2,1,Tarde,64,8.633215576913077
4,94.75602502162283,7.765291250723399,17,8.332396385222712,5,1,0,Manhã,89,10.0
29,75.02689007526905,6.267474540618315,16,4.241713112667991,1,3,1,Noite,98,10.0
29,71.87477098241123,3.241228815975,5,6.43253695083493,7,2,1,Tarde,24,10.0
16,85.96298635177573,9.787254087936667,14,7.097699795186044,8,1,0,Manhã,105,10.0
22,73.13524911540324,9.643785001626084,2,7.483871355457804,7,3,0,Manhã,58,10.0
14,85.20834993316576,6.590316913030383,5,9.615623489491357,4,2,0,Tarde,78,10.0
36,84.39327221994779,3.6557069449413713,2,8.033504123765168,8,2,1,Tarde,85,10.0
20,82.53755709393835,8.282348551190143,0,6.887667707315422,5,3,1,Manhã,5,10.0
13,75.21678816931191,6.443517700740103,12,8.858050217595336,10,2,0,Noite,51,9.784636499412743
1,81.93998886605907,5.11713234802566,13,9.703196925726454,9,5,1,Tarde,78,10.0
10,83.85941899941686,6.4399272426998975,12,4.132396892093745,10,3,0,Noite,87,8.581963299655678
38,81.82747553981893,6.657109017838251,3,9.895127633536232,5,2,1,Manhã,20,10.0
37,77.77677811004807,6.938981893156374,6,4.516792834382082,1,1,1,Noite,70,10.0
33,60.58668228185055,6.0885659955872855,9,8.886320675612568,9,1,1,Manhã,92,9.47600017576805
37,83.48246830804604,7.240287121973397,6,5.682008515308475,5,5,1,Manhã,95,10.0
33,66.73777540570879,9.431142974244642,14,4.793077946523231,6,3,1,Manhã,31,10.0
17,85.70303875788758,5.535876609690138,14,6.639133838283009,4,2,1,Manhã,52,10.0
29,90.37377311691463,8.080015242539645,3,7.863739476685681,6,2,1,Noite,58,10.0
14,80.01781236522966,9.261167897769624,5,6.2857110701408505,8,1,1,Manhã,68,10.0
26,81.69454659918954,6.1918549303195585,19,4.327392449696194,3,5,0,Manhã,61,10.0
33,98.05914238663965,6.104190854673329,4,7.5967668379523,5,1,0,Noite,3,10.0
37,93.88669445490297,7.214818897483457,19,9.414419656664048,2,1,1,Tarde,85,10.0
32,96.5694606380588,7.139847315957416,11,6.29929219568351,2,5,1,Noite,17,10.0
23,92.55065153278346,8.646125396283939,0,5.297996665784963,7,3,1,Noite,98,10.0
14,64.35673367386926,6.335383686448049,7,6.655464075596893,10,2,1,Noite,80,8.850409413603733
29,65.95967423880779,9.972860647476088,0,4.2901762662926854,10,3,1,Manhã,113,10.0
16,81.06495189075838,3.4163009820709656,4,8.922925506881649,10,4,1,Manhã,113,10.0
4,69.84278635191993,3.0221749400649123,5,8.95804486570112,6,4,1,Manhã,55,7.75915503874404
28,79.06781900164637,7.481388180917366,2,7.52800278057777,4,4,1,Tarde,23,10.0
3,75.774612952734,5.089044386533137,14,6.118617333630337,5,5,1,Manhã,65,10.0
9,81.97656953721813,4.682676720896387,4,8.7987001866747,1,1,1,Tarde,12,10.0
16,89.8750286454329,5.183293560029963,13,7.328122148730203,7,3,1,Manhã,61,10.0
9,88.61963628397098,4.79233295573468,17,8.955593851300097,8,2,1,Noite,53,10.0
16,80.84936529941338,3.215530347623135,15,7.788752755498123,9,4,1,Manhã,14,10.0
19,92.89573675268232,9.80073129673412,5,8.706432839276783,8,3,0,Tarde,68,10.0
23,77.23448366152134,4.545218419169473,13,7.59137795930656,5,4,0,Tarde,2,10.0
4,95.8685715936049,8.138208338125144,7,6.484846409293997,3,4,1,Manhã,36,10.0
33,62.85121080220656,8.338174762859227,6,9.747675159556826,10,2,1,Noite,36,10.0
5,98.1864012013323,9.504801786050605,7,7.246682949273069,9,5,1,Manhã,100,10.0
1,86.18772325725394,3.21384619965366,12,7.63053711124323,6,1,1,Manhã,2,10.0
12,75.20298035748822,9.104338369129053,5,5.322925836488496,5,5,1,Manhã,62,10.0
10,67.8861650629151,6.690583265878601,17,7.753904736563658,3,3,1,Noite,34,10.0
22,79.167329177744,7.427808769760795,1,7.429645896897663,6,5,0,Tarde,51,10.0
15,67.78233292741204,7.5112919398472355,7,5.10903038768215,3,3,1,Noite,86,10.0
30,66.65326430972569,8.738584634893094,10,4.357522584118862,10,3,1,Tarde,27,10.0
10,84.69407029651897,5.333851255113774,0,7.626155918288626,6,1,0,Tarde,93,6.288286176511548
15,80.9233889832714,8.131358329019953,5,8.582153616101923,4,2,1,Tarde,17,10.0
7,86.80384138443767,6.70004676805538,15,7.140408225532049,2,1,1,Noite,115,10.0
3,97.18423509687958,8.553758100137435,19,5.360635751917874,8,5,1,Manhã,35,10.0
39,81.2904085335616,9.933822229390934,11,7.99913186015821,4,3,1,Manhã,32,10.0
3,83.23728213051191,4.404557121826329,10,4.480634359657613,9,4,1,Manhã,63,10.0
24,63.585053566197686,9.962540490919984,9,6.651002228811728,7,4,1,Manhã,25,10.0
2,88.70543143634518,3.628685079979418,2,4.980200550390521,2,3,1,Manhã,47,8.999502904582517
31,75.99620827216624,3.0162228353336973,12,5.1067543063593,4,1,1,Noite,39,10.0
2,99.06900954650315,3.309133553244819,2,5.213763694949222,5,2,1,Noite,16,8.499067400418445
26,92.9269606238264,5.392476833157332,14,6.320242342263867,3,1,1,Noite,39,10.0
28,80.89924162064473,7.430344314749039,15,4.306901233722385,9,3,0,Noite,6,10.0
31,64.92890616688665,3.4832067862149474,12,6.386760645574589,5,3,0,Noite,56,10.0
18,94.37663173122357,3.039660701706971,16,7.070244682688205,2,2,1,Noite,7,10.0
20,91.99124381696086,9.559637199211563,2,6.8997657097979515,3,5,0,Noite,116,10.0
4,67.38340518148132,8.753486451579509,19,6.296704602418243,9,5,1,Manhã,55,10.0
17,71.8111315688124,8.664282197973218,10,9.034879648424514,7,2,1,Tarde,30,10.0
27,91.7362903259135,9.19096992851384,18,4.871960154523025,2,5,1,Noite,58,10.0
21,67.40913786189638,7.900239909404731,10,7.034180462688244,9,4,1,Tarde,57,10.0
20,96.71009956685509,3.73082890823657,15,4.3722485017393256,4,5,1,Noite,11,10.0
5,76.98109700785447,5.793701316516062,2,4.426934073267459,9,5,1,Noite,47,8.893556062138485
0,63.48155850350635,8.062046405252406,5,7.443195098062578,2,5,0,Manhã,30,8.989980312503803
4,92.62994574017124,4.962341225540646,13,7.3961105493269255,10,4,0,Tarde,107,10.0
11,74.9403873215355,7.811844548953663,17,9.268201077066742,4,5,1,Manhã,82,10.0
25,81.05996776615123,3.1714891378735666,16,7.347242053960439,5,4,1,Manhã,62,10.0
33,64.49217377644877,5.142961386157152,3,9.758746122429102,2,2,0,Tarde,73,10.0
13,60.103360593799295,6.843912353940208,14,4.292169090399579,10,1,1,Manhã,38,9.555103201480593
25,85.5194082317319,7.424628806543696,10,4.588046108684447,1,2,1,Noite,75,10.0
26,80.60700681334927,7.039284651233376,2,4.264395169422288,7,1,1,Noite,19,10.0
8,83.7415427649259,7.884293932514007,2,5.11166110200124,10,2,1,Noite,100,10.0
25,91.74975401522065,3.0426212376788735,15,7.247620665650069,1,1,1,Noite,47,10.0
21,85.8642365369144,3.7065883998426505,4,7.873433088564568,8,1,0,Noite,104,7.632013096072437
29,66.9909377130951,9.082609765954015,9,4.273510947692013,3,3,1,Manhã,70,10.0
16,74.430900764424,7.772240508631128,18,9.675825339073596,10,1,1,Manhã,115,10.0
25,96.23564419151042,3.7905214988020792,3,9.052992259902286,6,1,1,Noite,53,10.0
35,90.79778801006717,8.894521061790055,18,5.779674892942559,7,3,1,Noite,77,10.0
0,82.2654823174687,4.695618524771969,10,4.463125181358808,10,5,1,Manhã,74,7.181261621212622
7,70.22579991237089,6.3478191893665645,1,5.019322439314344,1,5,1,Tarde,70,10.0
34,72.0824200733918,4.016375590192622,9,4.7616664825298365,6,3,1,Manhã,28,10.0
14,89.27832270342537,7.970770394951947,10,4.739702675793681,7,4,1,Manhã,73,10.0
21,94.04697043411083,7.667980947099875,19,7.111370131994404,6,1,1,Manhã,92,10.0
13,86.85698678122458,4.477787298162953,15,5.475084654960401,4,1,1,Manhã,72,10.0
25,92.38119903073766,9.043805367999013,18,6.148838299174867,1,3,1,Manhã,99,10.0
27,90.66624540801624,5.809142169537985,10,9.937032000305935,9,3,1,Tarde,47,10.0
22,65.98815871827831,5.0476056374951925,13,8.10588549355207,4,4,1,Noite,73,10.0
13,76.95779251653208,4.066307126251749,1,9.693884002282008,7,5,1,Noite,82,10.0
23,66.1193520331425,4.863176087608762,4,4.855339330198694,7,2,1,Tarde,55,9.421850925751482
1,69.40942339207939,3.154188448566719,4,6.292836848995416,2,5,1,Noite,94,8.751023948448607
25,94.7703849860421,7.082802447192809,18,7.328390819694126,1,1,0,Noite,16,10.0
13,78.91567862532729,8.895615224407635,11,4.460548371332428,8,3,0,Noite,8,10.0
6,81.41432407370644,6.842863146091492,17,4.025124661767747,8,4,1,Tarde,108,10.0
2,67.13783860911089,4.53491773346713,3,8.022606002781504,7,5,1,Tarde,96,9.346790958377264
22,72.49087144195184,3.235684247497109,16,7.850917100808612,8,4,1,Noite,33,10.0
17,69.2098467371148,4.50239651281162,9,6.464732859997671,3,5,1,Noite,44,10.0
37,68.24744658073706,5.912849996497647,19,6.937864456192196,2,1,0,Noite,87,10.0
34,85.5184317326388,8.317280000898576,5,6.492658003552537,7,2,1,Manhã,8,10.0
14,70.2753539058286,4.314899967764418,13,4.144030269069333,8,4,1,Manhã,6,10.0
24,85.28061944081674,8.038540173482803,10,6.012229637304775,1,4,0,Manhã,15,10.0
36,62.33818456434216,9.068534278463186,10,5.062493532383739,10,2,1,Tarde,18,10.0
27,65.67097574108408,6.177627936758499,17,4.590545134608212,9,4,1,Noite,102,10.0
9,70.98161016000502,8.750023941498153,17,9.740322603336098,4,4,1,Tarde,5,10.0
38,83.88187667582767,6.882601436245669,10,7.596158350252994,4,5,1,Tarde,113,10.0
16,87.03364980349504,7.459635859566335,11,8.371937705419615,3,5,1,Tarde,114,10.0
38,77.70867867118108,6.683949222367419,4,5.892182459596705,6,2,1,Noite,10,10.0
21,77.83163658308916,6.242209017259392,8,6.358882776964091,1,1,1,Manhã,75,10.0
25,88.98067405594472,4.642574092430945,8,5.421543963380341,6,4,0,Noite,60,10.0
24,60.632843670623295,5.122358416227322,9,4.581794025792549,2,1,1,Noite,41,10.0
16,73.64360097896882,5.029790832605263,18,5.074189824649503,9,2,1,Tarde,12,10.0
12,92.74828228476932,6.943022516676703,0,8.785084271778915,2,2,1,Tarde,11,10.0
19,84.12877640853489,3.8396758511672293,6,8.065274831102656,7,5,1,Tarde,84,10.0
24,73.48908531021681,9.417541834916346,3,7.281573255912861,1,4,1,Manhã,73,10.0
3,96.22099169318696,8.044586016981793,0,6.850539237200609,7,3,1,Manhã,19,9.379038375140311
9,90.9049090979753,5.8101194163923555,14,9.534605701936748,5,2,0,Manhã,49,10.0
2,70.59581788946934,4.110369011684646,7,4.43640968667201,8,4,1,Noite,35,9.597072561105989
17,85.81159350102868,9.173945188051452,11,5.683604879427496,4,1,1,Tarde,91,10.0
35,83.83002912755828,8.766446630708156,17,6.099627121424284,10,5,1,Noite,87,10.0
21,76.0475165615593,8.052050869020256,14,8.694554873276727,7,1,1,Manhã,68,10.0
33,74.67824316819203,4.900829331878697,16,9.955087720971829,6,2,1,Tarde,36,10.0
7,73.74241899102816,5.817126462035683,13,5.444023088542918,5,2,1,Manhã,11,9.663941762025072
39,84.68623133582588,3.7192377671669634,13,9.245844004822484,4,1,1,Tarde,98,10.0
18,77.69639745922677,4.323276673092722,17,8.983736562590748,7,2,1,Tarde,39,10.0
36,93.27452453005688,8.48111646121713,19,5.3479443858505995,5,4,1,Noite,53,10.0
5,86.78410464535847,8.005271031954788,17,6.395995481195335,5,2,1,Noite,1,10.0
25,62.797264228377365,7.154400340831543,15,6.458037215755114,1,5,1,Manhã,49,10.0
33,85.60672895312663,9.27008708148321,0,9.86932401115935,2,4,1,Noite,40,10.0
5,70.8458974600074,7.082865624691317,10,5.0853514082733895,5,3,1,Noite,44,9.826875400081123
36,83.71247966613691,6.268775999745275,14,8.794947826628693,3,2,0,Noite,102,10.0
32,87.20527724413806,5.3825952241403385,11,6.00515628503866,2,2,1,Tarde,105,10.0
21,69.23316756616049,9.583139540153208,7,8.385222074656962,4,5,1,Noite,8,10.0
20,78.27434579521474,3.5790082306704747,19,6.520066025773977,4,5,0,Manhã,61,10.0
5,67.61299451276271,9.51621160442566,5,7.47015857869924,4,1,0,Tarde,85,8.257257047210718
5,62.09355503146033,8.787002619517128,2,8.995670639956787,4,1,1,Tarde,46,10.0
3,75.13905693943477,3.9095094717499093,12,8.824993389903305,3,1,1,Noite,4,9.731303565936217
29,74.51777087383968,6.954890503726775,12,9.1985391012382,7,5,0,Tarde,75,10.0
10,99.81921962817029,9.065835872243607,1,4.357703952067954,9,1,0,Manhã,0,8.351729608114791
29,77.85409404790569,7.002664145250076,4,8.15230331823847,5,1,1,Manhã,43,10.0
30,73.34278197888801,9.350398750924356,16,4.839924260330577,4,3,0,Tarde,21,10.0
23,83.21900026866699,9.600886717712298,5,6.494911408110466,2,1,1,Noite,37,10.0
8,63.55069576431074,5.956691655290141,1,7.291530490328131,2,2,1,Noite,114,9.711619985373193
2,98.46662943819253,5.641195629844265,3,6.416436908480985,5,5,1,Tarde,18,10.0
30,85.39840182364132,9.554248077784099,10,7.117670054818045,7,4,1,Manhã,79,10.0
39,90.19351279763391,7.725980428047676,7,9.979157852791715,10,3,1,Tarde,30,10.0
36,66.8191175269567,3.8121587694371852,11,4.811303882277128,10,5,1,Noite,114,10.0
35,76.37911412020816,3.2960422445587683,7,8.052736272018553,9,5,1,Noite,66,10.0
23,76.90756453584758,6.952403356980842,10,6.376005798313692,7,2,0,Tarde,86,10.0
30,92.87225775604347,9.511196758068973,19,4.798058793443973,5,1,1,Manhã,41,10.0
5,60.049467190376376,8.909740916840729,7,4.952420580245857,10,2,1,Tarde,81,9.780300041126054
1,72.0341243341302,7.730934225250355,7,9.695638637473701,10,1,0,Manhã,25,7.042145825141273
19,99.24945497377215,3.9738109422376127,16,9.277608980270571,10,1,0,Manhã,12,10.0
27,78.99546174024874,4.779619686240869,19,9.44225176249013,6,5,1,Tarde,57,10.0
10,75.30105120976033,9.128578585868313,19,9.949196654964318,3,1,1,Tarde,17,10.0
3,64.79316008070586,4.279650656598303,15,5.249892340051108,5,3,1,Manhã,66,10.0
14,98.96658514512063,4.9490758577530425,13,6.132636024184371,8,3,1,Manhã,86,10.0
5,60.80105423703298,3.9072045583680937,10,8.0153141795492,1,3,1,Manhã,2,10.0
29,89.48720900028972,7.732757619900878,6,6.902815239163884,1,5,1,Manhã,54,10.0
37,90.74399219154034,9.607876137542467,15,6.510337200270001,7,2,1,Noite,88,10.0
1,69.74626864255467,4.882776221167702,12,6.1468674960135585,5,4,0,Tarde,90,9.52610893379883
14,86.86233774452148,6.327846254950516,14,7.562683791660714,5,1,1,Manhã,57,10.0
10,63.717165775175594,7.44037817797843,15,7.453560571840492,1,4,1,Tarde,107,10.0
7,70.2818906572832,9.996263737509414,8,4.96874700438544,9,2,1,Manhã,62,9.813534340775222
25,91.5160795316906,3.733656454983005,2,6.830439025110635,1,2,1,Tarde,90,10.0
4,94.58744768134162,6.4899955965399645,18,7.3208306572590995,5,5,0,Tarde,51,10.0
5,84.33945650639166,5.6958408393175,19,7.421721632388342,10,3,1,Manhã,102,10.0
25,80.27353727281931,9.060741156556485,4,5.260643157474111,9,3,0,Manhã,88,10.0
3,66.3721608247592,6.331774117081592,9,8.453628353513722,4,2,1,Tarde,23,10.0
18,62.524361323166005,3.776842672096037,16,4.151194568926417,8,5,1,Tarde,71,9.951341022010256
19,64.70596113894234,7.440969017006085,14,6.128991133258976,6,5,1,Tarde,8,10.0
32,69.09429200384395,8.395464327847158,7,8.6812758912138,3,1,0,Noite,109,10.0
19,73.66698007587684,3.0201687616593023,14,7.383357526332414,4,3,1,Manhã,36,10.0
11,75.2363810204395,9.012696797944407,13,5.566974595065162,2,2,1,Noite,93,10.0
0,73.85287074356015,4.302161000039659,19,8.169718716058286,1,4,1,Noite,116,10.0
25,69.56221328789063,6.864485552573645,6,7.40434566493644,8,3,1,Manhã,82,10.0
13,80.38896987006792,5.910582504812151,11,8.777461656738323,1,1,1,Manhã,52,10.0
37,93.01144432931588,8.037576716273712,16,8.410151117138941,1,5,1,Noite,79,10.0
36,71.18814153885917,5.5981313035001925,16,7.660647532217408,4,2,1,Manhã,23,10.0
10,97.69548076408933,9.088342236771975,9,6.929066051864885,10,3,1,Tarde,107,10.0
35,94.93346646895391,8.113474526711531,18,4.799092754005141,10,4,1,Tarde,20,10.0
12,66.47056845408439,7.53399219744045,13,5.567998107312302,6,1,1,Noite,99,10.0
2,91.45103827028379,8.57368416893998,10,6.514596837502512,9,1,1,Noite,39,10.0
32,82.98349529271067,8.278161244498676,1,7.595795722038332,1,3,0,Manhã,102,10.0
5,82.66301448685674,3.2515707244508736,17,7.082247131291829,7,4,1,Manhã,110,10.0
9,75.64171052232697,5.763140476913797,6,5.729107155757177,10,1,1,Noite,61,10.0
4,80.04611996728039,9.51565108121543,11,4.038786146738263,5,2,1,Noite,69,10.0
22,75.88715109716844,3.8800698829455835,1,6.977435331404884,8,1,1,Tarde,68,9.524122684123485
9,81.58930475039772,8.159675853024359,19,5.713755931373458,7,4,1,Tarde,13,10.0
1,85.11800211090544,9.822142679347309,17,8.40764980426321,4,5,1,Manhã,116,10.0
12,86.97215225636194,3.3653904033148017,5,4.143677591622901,4,5,1,Tarde,108,9.935795119578154
39,81.29924770237704,7.775357164386273,9,7.508966867834745,6,3,1,Manhã,41,10.0
1,88.85688269314926,6.2770789891072125,19,9.648845425036392,6,4,1,Manhã,49,10.0
19,65.65112197102023,7.054226787623055,14,5.046455602668997,9,1,0,Manhã,60,10.0
0,68.47929963608954,3.597389355390274,4,6.829896944503572,5,1,0,Tarde,3,7.2429678396080925
36,92.7494001629708,3.3010486630685762,19,4.548531950902829,8,5,1,Noite,71,10.0
8,72.90111911385661,7.668066623856452,2,7.754091473568115,5,5,1,Noite,87,10.0
16,60.91575299904481,8.763166008745024,4,7.303190083577354,2,2,1,Tarde,74,10.0
8,66.15164598672125,8.474107344530772,7,6.444193145276994,6,5,0,Noite,16,10.0
10,68.94457737985245,6.806640095063662,7,7.128262128842447,9,2,1,Manhã,113,9.125739241056262
14,98.29291551578349,3.699067747953247,7,9.379447950814061,3,1,1,Noite,84,10.0
23,82.92165715723397,7.816311106852097,11,5.177765813866403,1,2,1,Tarde,56,10.0
37,97.3092296190502,4.693222184879022,7,4.135387070232083,1,2,0,Noite,89,10.0
34,83.006534019865,9.377480919371685,10,9.169989308194605,3,3,1,Manhã,106,10.0
29,79.17417760551407,8.867857516819935,13,7.462702494327439,10,5,1,Manhã,47,10.0
30,72.54910764776385,7.965680769611736,7,9.343950732771054,5,2,1,Tarde,43,10.0
4,84.25483777733503,9.641921690817913,9,7.581671340479035,3,1,1,Tarde,44,10.0
13,65.56792098470119,3.2199527505789103,6,8.860966539758214,9,4,0,Tarde,90,9.910360904208858
10,95.93046509170824,8.153402975425333,16,6.578040180130888,8,2,1,Manhã,79,10.0
8,93.17329620565135,5.311699455354837,3,8.499159587729613,3,5,1,Noite,118,10.0
33,72.70125791506948,9.342461199804557,12,9.478248801339136,9,3,1,Noite,89,10.0
11,98.11190110405178,4.866726376633843,3,7.432737782333238,6,1,0,Tarde,116,8.12477355933962
34,93.00803069662273,8.07399549520512,4,5.084710903374277,7,3,1,Noite,32,10.0
34,86.65227543340158,9.14352913755547,3,5.612785690181189,4,4,1,Noite,30,10.0
0,64.870476445011,3.291597728678777,17,5.191867461384435,4,2,1,Tarde,111,8.082116547535001
39,79.1293609219229,5.783533057144252,5,5.481142165574397,2,2,1,Tarde,46,10.0
21,80.24430219387003,8.33616322415357,1,5.8384926961062185,5,5,0,Manhã,5,10.0
28,69.3020543346152,6.18443222655311,10,7.330802720519131,8,2,1,Manhã,107,10.0
7,63.19861577437208,4.8707684085551675,13,7.527949776782997,7,1,1,Manhã,71,10.0
10,91.06894521886771,4.53863744176233,4,6.558998483451167,7,4,1,Manhã,70,10.0
36,64.8814020849758,3.9206278684146456,5,7.692524678925013,6,3,1,Noite,33,10.0
13,83.77163002247099,8.999906918993975,9,4.489449553668195,3,4,1,Noite,107,10.0
29,97.45796695534642,7.027487822760892,7,4.52672942234896,5,2,1,Manhã,52,10.0
34,95.0442077039217,3.534694614940192,13,5.030976762145951,1,3,1,Manhã,13,10.0
20,71.11010494997045,5.678062264994448,2,7.108464988242068,7,5,1,Tarde,15,10.0
36,94.05794550205061,5.5741355556357695,11,5.283968072189881,9,4,1,Noite,42,10.0
4,60.013300244819575,4.272174334966241,15,5.699706420955464,1,3,0,Noite,115,9.36949634432964
18,60.70751238453029,6.048553378305335,16,6.401877017037965,2,3,1,Manhã,72,10.0
13,84.1021265537146,5.324695557751955,0,8.871196744062278,3,3,1,Noite,73,10.0
25,74.59192876578118,5.392625938445278,9,4.083172815477161,3,1,1,Tarde,80,10.0
3,75.45843364636589,8.17318590451571,9,7.896272921419735,8,4,1,Tarde,11,10.0
24,82.5776436271553,4.5628436985363745,1,8.013259186244113,7,3,1,Noite,69,10.0
24,67.67129822367443,7.493019711987488,8,8.79193468213982,6,4,1,Manhã,18,10.0
17,68.47021402661913,6.994547367166544,12,9.596517634361879,10,3,1,Noite,106,10.0
39,79.38406348075459,6.976647586365071,15,4.120827093695739,10,5,0,Tarde,40,10.0
7,90.17014177375452,7.641051422992431,17,4.922702233079297,4,5,1,Manhã,52,10.0
38,84.7799100563035,6.838674253369578,18,9.317027764335958,9,5,0,Noite,28,10.0
39,71.89420192947355,9.154785803924693,11,6.751111373122092,1,2,1,Manhã,69,10.0
13,77.21348710035684,7.7290606436518186,7,7.387543833600781,2,3,1,Manhã,58,10.0
31,66.82659034199993,6.8287427595997165,16,7.9781632223388845,4,2,1,Tarde,88,10.0
37,62.98519257348327,8.808341842013515,14,8.074399626973825,3,4,0,Manhã,63,10.0
32,91.30784162976596,7.2430259545343585,9,9.590442419899048,1,2,1,Noite,23,10.0
22,70.61549636752778,5.038009734496253,14,9.981696504470019,5,4,0,Manhã,88,10.0
14,67.11065551404992,4.449664427235998,14,8.320944765585642,7,4,1,Manhã,15,10.0
32,87.66472222277278,4.066294499638752,6,5.723327255230905,2,4,1,Noite,51,10.0
24,84.72206697148744,9.296186487822713,12,9.278514413766061,5,2,1,Tarde,79,10.0
16,85.32758504053857,7.970948022586461,16,4.29532548724457,6,3,1,Tarde,5,10.0
32,69.15578419386455,9.561649067150245,8,5.386485117246977,7,2,0,Noite,36,10.0
1,69.30582154250723,7.223042640004601,7,9.38431430478229,1,3,1,Noite,84,10.0
13,68.83210519142557,6.313806170464388,19,5.53714908663613,7,3,0,Tarde,3,10.0
39,66.95010382649178,3.418015422796225,17,5.323906357730491,4,4,1,Manhã,97,10.0
39,86.22894690246625,7.701495970822209,12,4.828751758841483,8,2,0,Noite,91,10.0
38,93.92063540997606,7.075461318377618,15,9.1546705458815,4,3,1,Manhã,37,10.0
5,88.97269878706645,9.931462255113349,8,7.000349555146521,6,5,1,Noite,40,10.0
5,91.68374535042173,4.6741114444757015,11,8.049359218324929,9,3,1,Tarde,91,9.827851602395285
2,76.191937163408,6.715161487007851,11,5.434398304450178,5,5,1,Manhã,80,10.0
6,86.16303181487993,7.556701345826508,5,8.548242526067298,4,2,1,Manhã,13,10.0
7,74.16944961779097,7.512138223196406,18,8.56003326977259,8,2,0,Noite,70,10.0
14,81.0201848787456,6.929054800638819,6,5.875588149449801,9,2,1,Manhã,85,10.0
28,79.2653938613945,8.43849607229058,2,6.464095798061697,4,3,0,Noite,50,10.0
32,67.07548580575417,4.434868466687715,15,5.258141664581205,3,1,1,Tarde,64,10.0
29,75.48315041342524,8.07939040192091,17,9.859366139937425,8,3,1,Manhã,92,10.0
38,98.55289101929404,7.338142000031624,15,7.87361546235047,5,3,1,Noite,51,10.0
26,69.94321030859768,9.272525782562013,6,9.607263284293094,2,4,1,Manhã,94,10.0
35,65.35214945117954,8.930361073235073,3,5.820313261774799,10,4,1,Noite,29,10.0
28,76.74322486495741,5.206029273927873,7,8.691345477981338,9,3,1,Noite,56,10.0
37,91.61350943440593,4.933661274826072,12,8.595151863308452,3,5,0,Noite,78,10.0
32,83.28592919119889,9.871573266967136,12,8.149933911199248,2,4,1,Tarde,81,10.0
36,87.23899308952979,6.690856266406795,16,9.793833851600802,1,3,1,Manhã,98,10.0
26,67.58779392698709,9.344946747401057,16,6.361332016637894,8,1,1,Tarde,113,10.0
32,84.75792772030886,4.147167166463375,4,4.7843039415385435,3,5,1,Noite,29,10.0
3,72.94001579645895,7.49973240360122,5,8.030253155464365,7,2,0,Noite,97,8.758973982708822
21,93.3721346381907,8.669021311524103,18,8.375858802863238,1,3,1,Tarde,41,10.0
1,85.17195224042945,9.631766747105129,12,7.450363440752888,1,3,1,Tarde,10,10.0
9,67.95425111101184,5.361380987119164,13,5.240907358800378,9,5,1,Manhã,26,9.85953726937832
4,62.584667193763444,8.074868189468368,3,7.026735650016132,8,4,1,Noite,23,10.0
9,61.70532837148131,6.771691063277333,6,5.873138419414777,3,4,1,Tarde,98,10.0
32,74.85634270600563,3.4244024824652772,7,6.564799169000135,6,4,1,Noite,38,10.0
37,70.63404546617254,7.829998161162604,12,7.871311455067984,3,2,1,Noite,71,10.0
12,85.84360493850032,7.830675907664904,5,8.471288456145007,4,5,1,Manhã,114,10.0
30,79.97335339914473,9.51424763392576,5,5.3933481454080585,1,5,1,Manhã,17,10.0
35,70.64077112021523,6.481187123182806,2,6.43195216388172,5,4,1,Manhã,76,10.0
23,65.96951111800705,4.611756444973603,2,5.614969425949775,1,4,1,Tarde,44,10.0
14,65.08799050749798,3.311946764140754,12,5.191789683171215,1,1,0,Noite,87,6.693801620225051
28,94.58641568561671,5.90949530680134,1,8.70032331997503,10,1,1,Tarde,114,10.0
7,69.73911873619468,5.1134169005425125,15,9.455516166621955,7,3,1,Tarde,86,10.0
4,86.06842591643874,8.327618142167129,5,6.22139311410746,6,3,1,Manhã,11,10.0
28,92.42743711945064,5.479874353887326,7,8.5076735462426,2,5,1,Noite,48,10.0
3,84.56325244738944,9.643498374203908,7,9.381971736186467,2,5,1,Noite,93,10.0
11,94.38260926587783,9.73617142091449,5,9.07674526318139,7,2,0,Manhã,30,10.0
1,75.69574886113898,7.346360131523957,13,5.096880331235355,1,2,1,Noite,91,10.0
26,98.24888762595793,9.50062200910418,2,9.737751289080169,2,1,1,Manhã,21,10.0
30,65.32580016712387,8.32598041160147,9,6.260058642576775,8,3,1,Tarde,43,10.0
35,64.08598118630152,6.828017486825884,2,6.035443967043018,6,1,1,Tarde,91,10.0
35,86.34768584829774,4.262155547959447,11,4.3745879636666825,2,1,1,Manhã,63,10.0
25,97.71324565653046,6.21018560459688,16,6.917041924629298,7,3,1,Tarde,76,10.0
26,92.35533846545312,6.926121243538323,4,4.654081693845573,4,2,1,Tarde,24,10.0
4,63.05667437752206,9.047731065145072,19,5.491238925564556,2,3,0,Manhã,107,10.0
19,71.17470855738866,6.369333635749654,8,5.9016557306036885,6,4,1,Tarde,50,10.0
10,97.21275539351295,9.283722708745696,19,8.852957940950105,9,4,1,Noite,109,10.0
9,70.12233731203138,7.720442853164283,6,9.25293190237538,9,4,1,Tarde,6,10.0
39,91.24681695147677,3.9589934413756995,3,5.8147979047688185,8,5,1,Manhã,108,10.0
37,93.00528783714816,9.96486958527565,12,9.152188727467443,3,2,1,Noite,5,10.0
5,79.81808413843927,6.690628625277388,12,9.143385624218746,3,2,1,Noite,23,10.0
7,75.45395639393261,5.743008074863552,9,8.587905702309241,2,5,0,Tarde,18,10.0
22,78.00497729679039,7.613796351286686,17,4.880170684091089,5,1,1,Noite,82,10.0
25,69.07858777461456,3.7622531978672735,16,8.141937081404373,4,4,1,Manhã,99,10.0
11,95.57563664515376,7.45577052727348,19,9.670144387483413,7,4,1,Noite,114,10.0
25,78.02478626919032,6.487652003494911,19,8.095242872602942,4,1,1,Tarde,8,10.0
12,95.29837761824399,5.8467184899900815,12,5.989701094647003,9,3,0,Tarde,111,10.0
39,64.22773919625097,9.671140148252295,16,7.003475904584988,2,3,0,Noite,35,10.0
17,99.53101084000525,6.657778017124373,3,7.874350260106322,6,2,1,Manhã,101,10.0
24,77.73092349774473,4.533822356289569,0,7.063422452371022,7,5,1,Manhã,39,10.0
32,61.91323281576422,6.212744355641091,0,4.719717650385819,4,2,0,Tarde,92,8.819015292885338
39,61.520873929498194,9.435711832008709,14,5.872384267912124,6,3,1,Tarde,23,10.0
11,89.84829029927354,4.232668299314163,12,8.814376183321794,7,1,1,Manhã,47,10.0
35,86.36142136814723,4.497699270817659,16,9.168508276573105,4,2,1,Noite,62,10.0
3,92.0852223251035,3.0912069742995865,7,4.823800196293421,8,4,1,Noite,68,9.353339759974151
4,64.21470135811224,3.0993303457703703,17,9.714320514392348,9,4,1,Noite,52,7.086398069103018
36,61.42283468142193,8.805741388709588,12,5.972935707091656,1,1,1,Noite,53,10.0
7,80.34317157790314,8.12485824790069,13,7.97388243238432,7,3,1,Manhã,41,10.0
27,75.50380925931078,5.485287395163708,7,8.510950875740086,9,4,1,Tarde,118,10.0
30,78.47787746683824,7.888178100593009,7,8.8716774078273,10,4,1,Tarde,44,10.0
8,99.66353635481096,5.766441484169791,14,9.67449821335558,5,5,1,Noite,89,10.0
28,98.82999830682681,9.670277571984792,12,5.877517288172935,2,2,1,Manhã,13,10.0
